	X2.135443940_A_G_G	X4.1312394_C_T_T	X4.114369065_C_T_T	X7.23430418_C_T_T	X7.129663496_C_T_T	X10.104015279_A_G_G	X16.11231857_G_A_A	X17.40741013_T_C_C	ACE2	ADA2	ADAMTS8	ANGPTL4	ANGPTL7	ARG1	ATG4A	BAG3	CA13	CA14	CA3	CALB2	CASP10	CCL13	CCL17	CCL25	CCL27	CCN5	CD276	CDC27	CDH6	CEACAM3	CES2	CLEC10A	CPPED1	CRACR2A	CTSB	CTSV	CXCL13	DDC	DKK4	DPEP1	DPT	DSG3	EDA2R	FABP5	FABP9	FOXO3	GDF15	GZMB	HNMT	HPGDS	ICAM4	IL11	IL15RA	IMPA1	IRAK4	ITGA11	ITGAM	ITGB7	KLK8	MAX	MOG	NCAM1	NCF2	NCS1	NEFL	NTF4	PADI2	PAEP	PI3	PLA2G2A	PRDX1	PRL	PTPRN2	RRM2	SCG2	SCG3	SCLY	SFTPD	SIRPA	SMARCA2	SPP1	THBS2	THBS4	TNFRSF12A	USO1	updrs_values	Cluster
0	1	0	1	1	2	2	2	0	0.46885	-0.24359999999999998	0.6476	1.24	0.2645	-0.3338	0.5818	0.74015	0.09145000000000003	1.3462	0.13015	-0.8859999999999999	0.7821	1.3332	0.8243	0.2085	0.41665	0.4826	1.4344	1.3291	0.45304999999999995	0.5534	0.034	0.93495	0.7279	1.4914	0.3559	0.1794	-0.15535	1.54525	1.6294499999999998	-0.16240000000000002	0.1051	0.3779	1.2666	0.7139	0.1596	0.458	0.9928	0.5295	0.83755	0.1196	0.2647	1.1673	0.5594	-0.1674	0.7621	-0.2122	0.8586	-0.7134	0.4938	1.3584	0.861	0.6161	-0.0252	0.8053	0.83485	0.4917	-0.4556	-0.6154000000000001	0.23099999999999998	0.30010000000000003	0.45235000000000003	0.27405	0.65015	0.2813	0.9527	0.4205	0.9459	0.85315	0.6536500000000001	-2.24945	0.8894500000000001	1.07595	0.33285	0.9235	0.745	4	1
1	0	0	0	0	0	2	0	1	0.8954	0.5296	0.7016	0.5706	0.8419	-1.1236	1.6965	0.2301	0.7131	1.899	-0.0567	-1.3054	-1.4802	-0.0527	-0.5777	0.296	0.5442	0.7802	0.9944	0.7407	0.7055	-0.1187	0.5008	0.835	-0.4415	0.9934	0.7286	0.8506	-0.8322	1.4428	0.8039	1.5176	0.8245	1.0047	0.8789	-0.5682	0.8347	-0.1409	0.6611	0.1366	0.3048	0.717	0.329	0.8933	0.99	-0.1979	-0.2743	0.0136	0.4854	0.9733	0.8724	0.282	0.3603	0.3181	-2.5099	0.731	1.3637	0.3264	-1.4201	-2.2989	-0.9042	-0.1147	-0.5861	-0.1613	0.2812	4.6434	0.6539	1.4961	0.5182	0.8117	0.3018	-5.1105	1.6048	-0.1474	0.7321	0.5764	-0.1229	3	1
2	0	1	0	0	0	0	1	1	0.7876	0.0083	1.4056	0.936	0.7775	-1.5443	0.5493	0.3601	-1.267	0.5471	1.0116	-1.2091	-1.5988	0.58	-1.6047	0.2217	-0.5375	1.2491	1.0018	-0.2124	0.0554	-0.039	-0.6133	0.1008	-0.6731	-1.0057	1.4853	-0.14	-1.1364	0.3949	-0.6975	0.5905	0.6537	0.1379	1.3456	-1.3156	-0.5245	-2.1481	1.1672	0.1695	0.2302	-0.5028	-0.1319	1.3566	1.1112	-0.8306	-0.5409	-1.0201	-0.0008	-0.1143	0.1262	-1.4777	0.0096	1.0968	-2.0674	0.8526	0.9127	-0.0612	-0.1355	-1.7188	-0.0591	-1.0427	-1.1678	0.386	-0.8665	0.5873	0.6655	0.3281	0.6637	0.8915	-0.1103	-5.993	1.0609	-0.1472	0.322	0.6426	-1.2112	39	1
3	1	0	0	0	1	1	0	0	-0.38470000000000004	-0.5414	1.4216	0.15680000000000002	0.8186	-1.3964	2.27	0.5708	4.4113	0.811	-0.19959999999999997	0.43710000000000004	0.8014	1.06845	2.7461	-0.9886999999999999	-0.35035	0.3538	0.59485	0.4533	0.8971499999999999	0.1662	-0.2593	0.4095	0.4738	0.488	-0.11725	0.0335	-0.64085	-0.55775	0.03995000000000001	-0.6487	0.61165	0.8588	0.8611	1.7301	1.3407499999999999	1.4031	0.7057	0.36625	0.4861	0.4534	-1.42585	0.2899	0.94475	0.47625	4.1132	0.28915	0.46950000000000003	0.0646	0.3364	0.39794999999999997	0.6812	-0.3065	-2.20125	0.1188	1.97655	0.3766	-1.01585	-2.5786000000000002	-0.0663	0.9759000000000001	-0.05545000000000003	0.45745	0.21985	1.1287	0.503	0.77295	0.4577	0.01469999999999999	0.07790000000000001	-2.2414	0.53435	0.75395	0.0807	0.5175	1.5248	3	2
4	1	0	0	0	0	0	1	0	-0.3115	0.3374	1.1582	0.8903	0.1849	-1.4703	1.8822	0.893	3.313	0.9144	0.4197	-0.3195	0.7952	0.8547	0.7311	-0.0615	0.4218	0.4739	0.9464	1.5352	0.8817	0.4953	-1.5429	1.216	0.1627	3.5897	0.9456	0.6456	-0.7824	1.0761	-0.0008	-0.5918	0.3305	0.8363	0.9845	0.6063	1.2573	1.0265	0.3509	0.1603	0.5769	0.7237	-1.3342	0.7837	0.3864	0.2676	3.0373	0.2841	0.4236	0.3914	0.1057	2.1025	0.7925	0.397	-2.4495	0.4578	0.7617	0.4073	0.988	-3.4023	-0.7225	-0.1177	0.4276	1.8336	0.1654	0.4729	0.3394	0.3699	0.7695	0.2089	0.3316	-5.2529	1.7575	0.0507	0.3506	0.0951	2.2889	7	2
5	1	0	1	0	1	1	0	0	-0.4254	0.024300000000000002	0.5775	0.29	0.711	-1.4135	2.6822	0.7100500000000001	3.8198499999999997	0.08	0.52915	-0.37755	0.9230499999999999	0.2987	0.752	0.0421	0.07915000000000003	-0.5735	0.6938	3.7081	0.24910000000000002	1.099	-0.1708	0.2424	1.9388999999999998	2.9169	0.14135	0.1019	0.21799999999999997	0.28645	0.12625	0.47340000000000004	0.34514999999999996	0.5831	0.3225	1.3504999999999998	0.335	1.0011	0.5291	-0.051	0.9178999999999999	0.2203	-0.6088	-0.7004	0.5433	0.9916	4.4189	-0.4995	0.17175	-0.9701	0.2204	2.64745	-0.4643	0.5891500000000001	-2.6921	0.292	-0.21585	0.0666	-0.395	-0.5454000000000001	-0.12365000000000001	1.00795	0.62945	-0.0739	-0.9056	1.301	-0.3261	-0.7606	1.3828	0.36250000000000004	0.7188	-3.342	0.60535	0.5508	0.1459	0.1032	3.1903	7	2
6	0	0	0	0	1	1	1	0	0.03535	0.29925	0.3614	0.2657	-0.2535	-1.46	3.0261	0.42645	5.32315	1.3274	0.060850000000000015	-1.0055	1.38295	2.047	2.6574999999999998	0.5377	0.72475	1.0915	0.52355	1.9866	1.18495	-0.2234	0.0217	1.0332	0.47965	2.7796	0.212	0.0856	0.43555	0.96155	0.8492500000000001	0.69675	0.5221	0.9757	-0.1302	1.6268500000000001	1.00075	3.3228	-0.21055000000000001	0.0193	0.6846	0.9994	0.4009	0.018899999999999993	0.7049	1.4238499999999998	5.2733	0.3231	0.9684999999999999	0.2126	0.9663	3.1164	0.5048	0.5614	-0.7151	0.562	0.1516	1.0286	-0.13985	-2.53815	-0.6981999999999999	0.6667	1.2244	0.6387499999999999	0.51895	1.5221	0.4694	0.9966	0.6087	0.04224999999999998	0.79065	-2.17655	1.0415	0.9158499999999999	0.4071	1.0372	3.7771	3	0
7	1	0	0	0	1	0	0	1	0.6504	0.2653	0.3966	-0.4851	0.5999	-1.6887	3.8359	0.4008	5.7374	1.0606	0.7281	-1.5438	0.8685	1.4368	3.4912	0.1662	0.7306	0.9155	0.8542	2.1118	0.2713	0.7114	-0.9021	1.0621	2.6047	6.1315	0.3533	-0.256	-0.3299	0.8285	0.6011	0.8114	0.2947	0.7352	1.1553	2.5011	-0.5663	1.9399	0.9166	0.5456	0.8761	0.2539	0.0108	0.2946	1.0711	1.4354	5.4736	-1.0663	0.34	0.1316	0.5597	5.3487	0.7361	0.1795	-3.103	1.0507	1.9694	0.37	-1.6837	-2.6956	0.7294	-0.4187	1.937	-0.2595	0.7528	1.1848	0.6894	0.9079	1.1786	-0.8247	1.1829	-4.0424	1.1883	0.4445	-0.1184	0.8716	4.972	6	0
8	1	0	1	0	1	0	2	1	0.51335	0.19085	0.6529	-0.09075	0.6751	-0.7074	3.7825	0.3913	5.725350000000001	0.6183	0.7372000000000001	-0.2682	2.3646	0.5224500000000001	1.5088	0.47559999999999997	0.45785	0.5064	-0.4588	3.6555	-0.27835	0.2098	-0.3185	0.12375	2.42475	4.1544	-0.0655	0.1832	0.7439	0.6929	1.1289500000000001	0.77015	0.2964	0.5544	0.8301	2.33485	0.759	4.1727	0.60225	0.7039	0.7325	0.305	0.26385000000000003	-0.28135	0.295	1.7984	5.75805	-0.6259	0.1236	0.2317	0.2192	4.358700000000001	0.0352	0.096	-1.5076	0.7426	1.00675	0.1763	0.38075000000000003	-2.2201	-0.0579	-0.07569999999999999	1.76715	1.0423499999999999	-0.18000000000000002	2.2044	0.1806	-0.06435	1.5089	0.8129500000000001	0.42245	-1.15375	0.57355	0.7834	-0.07810000000000002	0.6751	4.3751	5	0
9	0	0	1	0	0	1	0	1	0.6519	0.6711	0.8524	1.3673	0.7232	-0.8278	3.265	0.4762	3.8561	0.3548	1.309	-1.6396	1.4492	1.1458	1.062	1.3245	1.0619	0.6937	1.118	2.5233	0.4203	0.835	1.1404	0.6291	1.305	2.7171	-0.0925	-0.7699	0.257	1.3647	0.7303	0.7763	0.7789	0.4215	1.6351	1.6763	0.857	3.5193	1.4315	0.9765	0.5374	0.5633	0.5517	-2.3187	1.2201	1.2439	5.7733	-0.0015	0.2655	-0.1458	0.1489	3.7763	0.5812	0.5877	-2.0855	1.0977	1.2993	0.6696	-0.0971	-3.5346	0.38	-0.7557	0.9305	-0.1771	0.1246	1.7348	0.5547	0.7889	1.4059	-0.1441	0.6353	-4.4506	1.3798	0.5394	0.4347	1.0114	3.704	3	2
10	1	0	1	0	0	0	0	0	-0.2068	0.5561	0.2286	1.0975	0.345	-1.2592	2.6414	0.6088	4.2646	-0.4967	0.1717	-1.0772	1.5596	0.5898	0.8818	-0.0032	0.6732	0.7681	0.6661	1.169	0.1053	-0.205	-0.2399	-0.0885	1.7991	4.7087	0.9343	0.5223	-1.3963	0.5088	-0.3163	-0.0981	0.3768	0.7566	0.2352	2.0485	0.5009	1.4683	0.5851	0.3405	0.8204	0.3357	-0.4955	-1.1793	0.6893	1.0974	5.0692	-0.4418	0.0923	0.0508	0.7345	4.3313	0.253	0.3505	-2.1629	0.02	0.2593	-0.0828	1.2938	-2.8913	0.5157	-1.0258	1.3	0.8899	0.3213	0.9863	0.6456	0.7687	1.0353	0.7141	0.5417	-4.6095	1.0597	1.1063	0.3994	0.3546	3.8967	32	2
11	0	0	0	0	0	0	0	0	1.3412	0.8555	0.2021	0.886	0.6617	-0.4888	3.5574	0.4911	5.3218	0.4464	1.0845	-0.3376	1.5842	1.1457	1.6594	0.1784	0.8197	1.9223	-0.0327	3.106	-0.3997	1.0733	-0.7954	-0.244	2.5126	4.1571	0.4345	0.312	0.5633	1.0708	0.6919	0.9684	0.8591	0.2451	0.9689	2.1331	0.8018	3.9301	1.3997	2.4743	1.8162	0.0674	0.7632	0.123	0.9914	1.3038	5.5098	-1.0951	-0.0684	0.0149	0.4175	4.1051	0.5727	0.5505	-1.283	0.4424	1.0365	0.4356	1.1097	-4.7302	0.3835	-0.3556	1.4352	1.1938	0.1589	2.6546	0.4721	0.3661	2.0342	1.6298	0.7225	-4.2348	1.1928	0.9624	0.3528	0.3154	4.1717	11	0
12	1	0	0	0	1	0	0	1	-0.11895000000000003	-0.13319999999999999	0.9965	1.1557	0.2216	-0.3889	3.5071	0.8389	6.0514	0.4478	3.4279	-0.78545	2.23205	1.4702	2.2438	-0.1012	0.59965	1.2293	0.623	2.7329	0.2482	0.4957	-0.7988	0.33530000000000004	1.4033	2.4106	0.33585	-0.1882	0.22360000000000002	-0.32765	0.41225	0.64435	0.8449	0.2257	-0.3822	2.3655999999999997	-0.0941	4.3765	1.3021	1.1598	0.39555	0.0206	0.4452	0.9134	1.1503	1.9037000000000002	5.9567	-0.923	0.36095	-0.61	0.3915	2.6329000000000002	1.4029	0.8806	-1.741	0.6948	0.8170000000000001	-0.2314	2.573	-0.5406000000000001	1.00095	0.027849999999999986	1.3624999999999998	0.6084	0.73735	1.0136	0.8459	1.0691	0.9134	1.2144	0.13065	-1.85355	0.9763999999999999	0.31795	0.0426	1.3886	4.1411	16	0
13	0	0	2	0	0	1	0	0	0.67645	0.85865	1.0111	0.7299	0.3987	-2.1864	3.7608	0.6905	6.31945	0.7676	-0.6133000000000001	0.0471	1.51425	1.3887	2.2062	-0.34585	1.35575	1.0886	1.25975	2.5495	1.15165	-0.3162	-0.8192	0.7891999999999999	2.77415	3.3044	1.4963	-0.4318	0.5700999999999999	0.8514	0.9661	0.5457	0.5521	-0.3056	1.3082	2.44795	-0.7785	2.6432	0.87945	0.3041	0.2239	0.3142	-0.07975	4.77	1.15375	2.25005	6.5624	-0.19045	0.0822	-0.0516	-0.837	4.59805	0.8642	0.3729	-2.1351	0.6624	1.1965	0.1585	-0.8886499999999999	-0.7366999999999999	-0.8765000000000001	1.668	1.5640999999999998	0.54625	0.40654999999999997	0.7449	0.8731	0.5971500000000001	0.4292	-0.9067999999999999	-0.49624999999999997	-1.52195	1.94985	0.7303	-0.0364	0.3852	4.332	1	0
14	1	0	1	1	0	0	2	1	2.1481	1.6233	1.2059	1.9696	1.0831	-1.104	2.9005	0.442	4.4789	0.6806	1.5206	-0.9107	0.2003	0.9155	2.4805	-0.253	0.9036	2.1304	1.1251	1.8955	0.9304	1.3901	2.2069	0.7137	1.562	3.4175	2.7671	-0.3461	1.1198	1.2419	0.905	0.809	0.1211	0.7217	3.0398	2.3521	-0.0415	1.8033	3.2338	0.8512	1.2206	0.6327	0.3011	2.469	1.0369	0.517	4.2286	-0.9913	-0.1575	-0.3404	0.3277	3.1802	1.2247	0.8779	-2.302	1.1417	2.3028	1.2217	0.1766	-3.4895	0.8104	0.0743	1.0262	0.3567	0.4276	4.3882	0.7999	0.7855	1.3932	1.3682	1.5462	-4.6741	2.6839	0.8426	1.502	1.3172	3.3365	50	2
15	0	0	0	1	1	1	1	1	-0.1229	0.9126	0.7298	0.7766	0.2546	-1.661	4.7982	0.2145	6.5399	0.4697	-0.0253	-0.8172	3.0928	2.2621	2.7292	0.9374	0.5247	0.8971	0.8871	3.8896	0.4029	0.175	-0.1282	0.076	3.7661	6.0188	0.2216	0.7472	-0.2713	1.1172	0.4544	0.5388	0.8652	0.6505	0.3095	3.7236	0.6958	2.1755	0.391	1.7284	0.8813	0.0807	0.5812	0.9552	0.5449	2.3131	5.8354	-0.837	-0.0766	-0.576	0.2272	5.5223	0.8862	0.852	-1.921	0.5777	0.8846	0.3179	-0.3134	-2.7437	0.0943	-0.8243	1.6199	0.1341	0.7896	1.1401	0.3847	0.3947	1.6235	0.6957	-0.1479	-2.2805	1.7964	0.7683	0.2367	0.2894	4.9796	12	0
16	0	0	0	1	0	0	0	0	0.5897	-0.2282	-0.1915	0.4044	0.1688	-1.7314	2.4858	0.1218	3.8653	0.4264	0.5022	-1.7018	0.6169	1.3423	1.5371	0.3155	0.3368	0.4242	0.4577	2.237	-0.8087	0.5109	-0.1895	0.046	0.287	2.8176	-0.0375	-0.4269	-0.1912	0.0077	-0.9853	0.8161	0.2647	-0.0221	0.8592	0.8874	0.7984	1.9118	0.9434	0.5258	0.1326	-0.5356	0.3057	0.1269	0.6908	0.7446	4.0385	-1.1225	-0.597	0.3444	0.6529	3.6373	0.017	0.0916	-2.1015	0.5293	0.5146	-0.2297	-0.4469	-3.762	0.4858	-0.9364	0.9392	-0.8368	-0.6185	-0.3476	0.2466	0.2252	0.8776	-0.2792	0.1288	-5.0276	0.262	-0.3457	-0.9717	0.2746	3.1481	1	2
17	0	0	1	0	0	0	0	0	0.2504	-0.3532	0.0925	0.1353	-0.025	-1.5686	2.5483	0.4871	3.9953	0.41	0.1761	-1.3841	0.2438	0.4075	0.6161	-0.5274	0.3706	0.1059	0.2802	1.8143	0.039	1.114	-0.7295	0.0829	-0.0717	2.1287	0.2405	-0.8223	-0.9103	1.0857	-1.1294	0.5328	-0.322	-0.2795	0.5657	0.2709	1.8659	7.2441	0.0811	-0.205	-0.3778	0.9379	0.1001	1.6321	0.4607	0.8048	4.3475	0.1735	0.2999	-0.428	-0.5734	3.1372	0.4652	0.2455	-2.8066	0.5473	1.268	0.6492	3.4643	-3.8226	-1.8503	-1.7596	1.1009	0.4507	-0.3078	0.4061	0.3785	0.0899	0.5986	-0.4626	0.3037	-4.5127	-0.7918	-0.3763	-0.4603	0.0466	2.4048	3	2
18	1	0	1	0	0	0	1	0	0.3213	-0.0114	0.6368	0.3418	0.1633	-1.6868	3.0404	0.2226	4.0463	0.2604	0.808	-1.7359	1.2834	0.7195	1.656	0.06	0.0985	0.5712	0.356	2.2647	-0.0614	0.0349	-0.6715	0.5557	1.8835	4.59	-0.0371	-0.1025	-0.7478	0.1873	-0.123	1.2568	0.3605	0.2695	0.6562	1.3994	1.7671	1.3082	0.8912	0.3683	0.545	0.2297	0.4388	0.0589	0.6493	1.3437	4.8226	-0.7617	-0.0754	-0.3468	-0.0082	3.5675	-0.0145	0.3781	-1.9993	0.5207	0.7629	0.2859	-1.5218	-1.4958	-0.1778	-1.3581	1.028	0.2978	-0.4537	1.0757	-0.2526	0.193	1.1793	1.5145	0.557	-4.5776	-0.5509	-0.3552	-0.0877	0.4487	4.2527	3	2
19	0	0	1	0	0	0	1	0	0.9568	0.5131	0.4056	1.7584	0.2731	-1.8708	3.2014	0.2733	5.8663	0.4321	0.6097	-0.9767	1.9466	1.5438	2.6478	0.0502	0.592	0.8727	0.9712	1.72	0.9656	0.7701	-0.2388	-0.0716	2.4773	4.207	0.1772	-0.3716	-0.4346	1.229	0.2758	0.3767	1.226	0.0314	0.5151	3.3847	0.3327	1.6376	1.1974	1.277	0.7078	-0.2556	-0.0143	-0.1692	0.5184	1.2063	5.9954	-0.8513	-0.5741	-0.8955	0.5564	4.2435	0.6652	0.8994	-2.2536	0.2686	1.033	-0.4062	0.8118	-2.9811	0.7345	-0.7461	1.6801	0.0031	-0.3534	0.3859	-0.2123	0.9011	0.6493	1.1713	1.0299	-3.5179	1.5472	0.2558	0.1755	-0.0271	3.9323	19	0
20	0	1	1	0	1	0	1	0	-0.6437	0.5245	0.6863	1.1262	0.0917	-2.4967	3.0684	0.5079	4.7981	0.1605	-0.3031	0.6993	1.0484	0.3198	1.7764	0.3662	0.2554	0.5168	0.681	3.1122	0.6214	-1.1468	-0.1805	0.1302	0.8077	4.5439	0.7712	-0.6031	-0.4396	0.181	-0.2519	0.5943	0.8867	0.1287	0.9545	1.3611	0.193	0.8752	1.0302	-0.8578	0.1447	-0.7396	0.0574	0.224	0.3279	0.694	4.72	-0.8891	-0.0151	0.0623	-0.9833	3.3011	1.1028	0.7043	-3.3163	0.4015	0.9883	-0.6245	1.632	-4.0767	-0.7077	-0.104	0.9064	0.242	0.4478	0.5958	0.6777	0.3946	0.1708	0.4551	0.3444	-4.697	1.5097	0.5606	-0.0262	0.4414	3.8486	45	2
21	0	0	0	1	1	0	0	1	0.0005999999999999998	0.24280000000000002	1.1245	0.7377499999999999	0.8651	-1.2591	1.1729	1.0179	3.6464499999999997	0.5554	0.08184999999999998	-0.5089	0.49015	1.0274	1.25205	0.5870500000000001	0.2747	0.8156	1.09945	1.3072	0.9793000000000001	-0.2782	-0.1812	0.619	1.38315	1.127	0.68085	-0.3531	-0.29105	1.7873	0.5217	0.16449999999999998	0.56265	0.7278	1.5837	0.7939	0.52045	4.5798	0.8446	-0.32304999999999995	0.2861	0.4423	-0.0943	0.4988	0.87035	0.52505	3.3683	0.26270000000000004	0.63515	0.1682	0.7906	1.48155	1.3708	0.75455	-1.34945	0.9989	2.01125	-0.1652	-0.4229	-2.7965	0.23210000000000003	0.91625	0.2701	0.99195	0.76135	0.4136	0.7667	1.64555	0.267	0.06975	0.5227999999999999	-3.14765	1.42875	0.74625	0.6678	1.0108	1.9956	7	2
22	1	0	1	0	0	1	1	0	0.3376	0.9192	0.0642	1.1083	0.9468	-0.9476	2.3018	0.6198	3.75005	0.8206	0.4607	-0.40354999999999996	0.6608499999999999	1.6632	1.2873	0.0949	-0.2693	1.6729	0.7707	1.5671	0.5197	0.2983	0.0413	0.93275	1.5213	2.5434	-0.2337	-0.2124	-0.0426	0.976	-0.12815000000000001	0.58335	0.6916	0.9158	1.7157	1.0799	-0.1979	0.5573	1.09245	0.0188	0.7022999999999999	0.7406	0.2956	0.3228	1.1574	0.7251000000000001	3.3023	-0.5705	0.87205	0.6642	0.5552	1.934	1.0992	0.45265	-2.1368	1.1962	1.3163	0.1948	0.7623	-1.15425	0.6165	0.6185999999999999	0.8010999999999999	-0.519	0.24029999999999999	0.9436	0.7792	1.0859	0.34	0.6045	-0.06175	-2.0999	0.21425000000000002	0.8634499999999999	0.54345	1.3652	2.9508	5	2
23	0	1	1	0	1	0	0	0	0.5266	-0.11224999999999999	0.925	1.1148500000000001	0.6588	0.1401	4.6069	0.71705	5.40335	-0.2015	2.73855	0.09394999999999998	2.3554	3.2091000000000003	3.3361	0.65215	0.5624	1.0154	0.9722999999999999	2.7342	0.4951	-0.4446	-0.1489	0.5158499999999999	3.4968	2.1712	0.21835	0.1464	0.33475	1.203	1.8019	0.6183500000000001	0.9694	0.6037	1.5526	2.628	0.6636	2.6766	2.05335	0.795	1.26565	0.3118	0.59785	0.12675	0.909	2.2058	6.32975	-0.0781	0.5895	-0.4486	0.28	4.380599999999999	0.5734	0.7053	-0.23170000000000002	0.2682	0.34935	0.2764	0.2266	-1.71395	0.5794	0.29055	2.0837	-0.1906	0.4036	0.9266	0.7754	0.2056	1.1899	0.37124999999999997	-0.9050499999999999	-0.46124999999999994	0.67245	0.5291	0.7237	1.0333	3.8249	5	0
24	0	0	1	0	0	0	1	0	0.94	0.30510000000000004	0.0575	0.4134	0.6581	0.2489	0.9672	-0.12719999999999998	0.71455	0.5034	-0.47655000000000003	-0.67025	0.06539999999999996	1.1318	1.1477	0.0188	0.3542	0.494	-0.0054	1.2019	0.342	1.0956	0.1332	0.6042	1.0434	2.0441	0.99305	0.0367	-0.12605	1.4711500000000002	0.23445	0.4467	0.18145	1.0143	1.1505	0.33265	1.7495	0.1823	0.97905	0.9148	-0.016	0.2714	0.9762	0.9129	1.2315	-0.06755	1.0749	-0.8015	0.80325	0.0696	-0.0755	0.30905	0.8189	0.44610000000000005	0.4052	0.5365	1.66425	1.1057	-0.2069	-1.8684	-0.1261	1.24915	-0.020850000000000007	0.148	0.2092	0.735	0.3972	0.3715	1.2618	1.3053000000000001	-1.16485	-3.26865	0.5152	0.6145499999999999	-0.28825	0.2334	-1.1575	5	1
25	0	0	2	1	1	0	1	0	0.3732	1.5061	0.1705	1.3442	0.6068	0.7371	1.8356	0.6146	0.205	0.5091	0.4924	-0.9203	0.8118	1.6239	0.6614	-0.3465	-0.1993	1.3194	0.115	1.2038	0.6342	1.3918	-1.0738	0.5	1.8823	2.9358	1.0247	-0.4178	0.3282	0.7526	-0.0161	1.102	0.9244	0.8849	0.4727	0.7708	0.6241	-0.5467	0.9959	3.581	1.641	0.862	0.8448	0.0101	1.252	-0.4917	1.4398	-0.4467	0.3852	0.7814	0.8637	1.5952	0.9566	0.7153	2.3079	0.3209	1.5303	0.7521	-0.3498	-4.4974	-0.0132	0.4715	0.4534	0.661	0.3134	1.4512	0.1531	0.7418	1.899	0.4695	0.6933	-5.2467	1.4857	0.7921	-0.3145	0.2645	0.7374	0	1
26	0	1	0	0	0	0	2	0	0.667	0.0651	2.3543	0.0727	1.2111	-2.1685	0.1286	1.0688	0.0485	0.4449	0.5049	-1.7196	-0.5844	0.7062	-0.9131	0.371	-0.0714	0.3063	1.5548	0.0986	1.2388	0.9602	-0.7101	1.0851	-2.0144	0.8452	-0.158	-1.2384	-2.3807	0.4175	0.3635	0.8048	1.0458	0.641	2.2196	-1.2322	-1.2277	-0.9171	1.0139	0.4621	1.2407	1.553	-0.4083	0.4521	1.6315	0.106	-0.2489	0.2973	-0.1036	0.3025	0.0669	0.3892	1.0214	0.1747	-2.7549	0.7895	1.3491	-0.0026	-0.9694	-3.4802	-1.2259	0.2638	-1.0115	-1.2988	0.5761	0.8754	0.6732	0.5293	0.6097	1.3169	-0.5856	-7.4827	2.1198	0.5997	1.7975	1.022	0.435	6	1
27	0	0	0	0	1	0	0	2	0.2746	0.6198	-0.1559	0.3045	-0.3035	-1.2273	1.8109	1.3312	1.6725	0.7392	0.8387	-0.1972	-0.3052	0.676	0.1972	-0.1929	-0.3454	1.0096	0.5006	0.8845	0.5151	0.789	0.3636	1.1833	0.9535	2.5891	0.7564	-0.0797	-1.3836	-0.0155	0.5403	1.3536	0.4889	0.2639	0.8669	0.7268	0.4157	3.4437	0.9963	0.9295	1.5773	0.6162	-0.4335	0.0093	0.6493	0.5317	2.0113	-0.8238	-0.0556	0.1137	0.0782	2.315	0.5295	0.1875	-1.8102	0.6298	1.4492	-0.1164	0.6706	-2.867	0.337	-0.0809	0.7113	-0.2955	0.6549	1.1676	0.6756	-0.0242	-0.1846	-1.5544	0.715	-4.963	0.9196	0.313	-0.0415	1.178	2.6437	8	2
28	0	0	0	1	1	0	0	0	0.5967	0.8436	0.3829	0.5488	0.4548	-0.2273	2.4316	0.7056	0.787	0.6993	1.7298	-1.3753	-0.16	0.8738	-0.4325	-0.2333	0.5333	1.284	0.8887	1.7474	0.9168	0.5189	-0.3438	0.0872	0.7431	1.1089	0.8518	-0.3827	0.0894	0.7193	0.1132	-0.1356	0.3556	0.09	0.1451	0.6248	-0.0889	-1.0014	0.8022	1.7687	0.5459	1.0748	0.6608	3.1538	0.3156	-0.8957	0.9953	0.2995	0.6762	-0.1449	0.4488	1.3611	0.5817	0.7078	-0.2213	0.6846	2.3927	0.8005	0.8676	-4.4589	0.317	-0.7744	-0.4561	-0.1323	0.1494	1.6436	0.3872	-0.1561	1.21	0.2371	1.0035	-5.8552	1.7892	0.2627	0.4426	0.3966	0.9731	3	1
29	0	1	0	1	1	2	1	0	1.4971	0.0168	1.1483	0.1079	1.2384	0.348	4.3587	0.3821	5.2052	-0.7401	0.0217	-0.618	2.9662	1.5985	2.4768	0.2584	0.6682	0.5171	0.9053	4.1845	-0.1964	1.9103	-0.4229	0.1794	3.1722	6.0949	0.0858	0.1737	-0.4361	0.7162	-0.3642	1.6653	-0.161	0.9171	0.5361	2.6116	-0.1118	3.8927	0.4415	4.0265	1.2869	0.856	-0.2572	0.9192	0.9609	2.0701	5.613	-0.0645	0.7938	1.292	0.4105	4.3748	0.9501	-0.1678	1.7139	0.7907	0.3226	0.3437	0.4371	-1.025	-0.2468	-1.4286	1.7464	1.1001	0.1969	2.0041	0.1284	0.2071	1.5208	0.669	0.6186	-3.0234	0.5416	0.9486	1.2343	1.0857	5.6035	4	0
30	2	1	0	1	2	1	1	0	-0.2117	-0.1651	0.9572	-0.1038	0.7087	-1.8823	3.663	-1.0176	7.13495	1.4485	0.1006	-0.5436000000000001	3.0968	2.4207	2.2137	0.2949	0.5106999999999999	0.4177	0.4212	4.2705	1.3409	-0.6168	-0.3099	-0.016699999999999993	2.9187	4.2882	0.13924999999999998	0.0495	0.15805000000000002	1.2701500000000001	1.41625	0.6889	0.17265	0.2484	0.8782	3.6292500000000003	0.3172	3.6812	0.37124999999999997	0.4208	0.3441	-0.1826	0.383	-2.1061	0.2139	2.62465	5.9492	-0.0649	0.54	-0.4691	-0.3472	5.42315	0.1733	0.7001000000000001	-2.8908	0.372	0.8346499999999999	0.1918	0.0951	-2.2938	-0.36545	0.5424500000000001	2.06835	-0.10369999999999996	0.29814999999999997	0.0488	0.1421	0.4242	0.2143	0.33755	0.24760000000000001	-0.9444500000000002	0.8415	0.6639	0.24364999999999998	-0.3111	4.1506	2	0
31	0	0	0	1	1	0	0	0	0.6569	-0.29425	1.2398	0.08925	0.1165	-0.6626	3.829	0.48855	6.2362	0.9606	0.04479999999999999	0.15865	1.80725	2.1790000000000003	1.80295	0.44235	0.10435	0.1836	-0.1701	2.8654	0.52095	0.704	-0.7656	0.39615	3.0263	4.2972	1.3271	-0.3525	-0.3804	0.9956499999999999	0.76845	-0.5508	0.50525	0.1989	0.7211	2.39355	0.4967	2.4344	-0.042450000000000015	0.9804	0.528	0.2473	0.70475	-1.01105	1.0083	1.93695	5.899150000000001	-0.07869999999999999	-0.09494999999999999	-0.82	0.236	3.8468999999999998	0.8949	0.22045	-0.42544999999999994	0.7747	0.7491	-0.0476	-0.34585	-2.405	-0.25435	0.16335	1.3083	-0.12465	0.6756500000000001	1.2008	0.2988	0.749	0.7778	0.2647	0.8155	-1.6636	0.2317	0.44095	-0.4182	0.555	3.5205	1	0
32	1	0	1	0	1	1	1	0	0.1173	0.0677	0.4265	1.1229	-0.1946	-1.454	4.3859	0.5179	5.6727	0.2528	0.5954	-1.1978	2.3439	1.6342	1.595	0.1479	-0.7298	0.4479	0.7398	4.1733	0.1304	0.2022	-0.2175	0.3833	2.1582	6.1635	0.098	-0.7186	-0.1964	0.562	-0.8108	1.0174	-0.1196	0.446	0.7734	2.542	-0.6761	5.1294	0.7691	0.3338	0.6059	0.533	-0.039	0.2193	0.8258	1.7007	5.2143	-0.8376	0.0908	-0.6346	0.2653	4.4698	-0.519	-0.3763	-1.3332	0.1474	0.652	-0.1056	-0.1846	-2.9894	-0.411	-0.5994	1.6887	-0.522	-1.1295	0.6968	0.2636	-0.243	0.7845	0.4795	-0.0166	-3.9355	0.5785	-0.1967	-0.1088	-0.0328	4.4496	7	0
33	0	0	2	0	0	0	0	1	-0.4146	0.0549	0.8492	-0.189	-0.3404	-0.2581	0.6072	-0.6261	0.4984	-0.5998	-0.9191	0.2008	-0.1181	-0.7016	-1.4699	-0.4352	1.4039	-0.5735	0.5887	0.3602	-0.1472	0.0547	-1.0415	-0.302	-0.4354	-0.0569	0.3082	-0.2816	0.4114	0.5937	0.019	0.0909	-0.1778	-0.9043	0.2561	-0.4353	-0.4848	0.792	-0.0837	-0.288	-0.6912	-0.3269	-0.3945	0.7802	0.2886	0.0659	0.7871	-0.2891	0.2034	-0.0958	-0.8193	0.6469	0.3414	0.169	-0.2156	-0.7129	0.6206	0.0843	-0.3005	-0.7019	0.6552	0.6367	-0.0999	0.5196	-0.1107	-0.7313	-0.4301	0.2514	-0.8564	0.2953	0.3832	2.7243	0.3133	0.0523	0.2919	-0.5061	-1.3379	30	1
34	0	1	0	1	1	1	0	0	-0.0826	-0.9124	0.9808	1.5154	0.1147	-1.1077	0.5879	0.4625	-0.3565	0.4737	2.3444	-1.1015	-0.464	0.5563	-0.6125	0.7548	0.4977	0.9587	1.157	1.0453	0.4735	0.1697	-1.7666	-0.1523	0.3433	1.1614	1.2417	0.5869	-0.549	0.8858	0.1107	1.346	0.5924	0.574	1.9124	-0.365	0.1935	-0.1454	1.0523	2.1081	0.3178	-0.4008	0.3048	3.1626	0.5379	-0.537	0.2952	-0.9225	-0.5251	-0.6623	-0.3001	-0.2226	0.6598	0.6077	1.7804	0.8297	1.6239	0.4554	0.2471	-3.728	0.8856	-1.1763	-0.5783	-0.2171	-0.2957	0.5319	0.5346	0.5244	0.4012	0.331	-1.0964	-5.663	1.8661	-0.3588	0.6411	0.6794	0.4296	30	1
35	1	1	0	0	1	0	0	1	0.5358	0.4618	0.1202	0.8389	0.1982	-1.6014	2.0858	0.0973	3.5973	0.5825	1.5514	-1.2376	0.1218	0.7536	0.85	0.2625	0.3786	1.0025	0.6759	1.9685	-0.5005	0.1898	-0.5751	1.1006	1.4313	2.8282	0.1665	-0.1822	-0.9002	0.1462	0.0246	0.1156	0.53	0.1581	1.598	0.7769	0.7454	1.6619	1.8478	0.8693	0.5599	-0.1427	0.1719	4.9066	0.8651	0.6637	4.3745	-0.8999	0.0278	0.2455	0.1817	1.9116	0.9866	0.7935	-2.1824	0.4987	2.2037	0.3359	-0.2069	-0.8034	0.095	-0.8213	0.5319	-0.2758	0.5243	0.8254	0.6757	0.6105	0.5114	0.1747	-0.0809	-4.9154	1.2003	-0.0281	-0.7906	0.5495	2.8821	6	2
36	2	1	0	1	1	0	1	0	0.69915	0.744	1.4826	0.3266	1.1837	-1.4971	2.394	0.7695	3.6411999999999995	0.5634	0.63475	-0.2381	0.16995	0.54115	1.8651499999999999	-0.10545	1.2971	0.6357	1.27265	1.1633	0.42925	0.6233	-0.3691	1.3550499999999999	1.05735	0.3533	0.81345	0.1274	-0.5242	1.6415000000000002	0.4756500000000001	0.38625000000000004	0.5437	0.7857	1.4547	1.74655	0.8577	1.4244	1.57165	0.1652	1.0691	0.7382	-1.15965	1.19825	1.11855	1.0231999999999999	3.7812	-0.099	0.7846	0.3363	0.5935	2.5919999999999996	0.8753	0.18109999999999998	-1.0558500000000002	0.6805	1.46985	0.2791	1.6287	-2.34505	1.657	1.34155	1.08625	0.4807	0.61365	1.8182	1.0102	0.66135	2.0521	1.653	0.6597	-3.19355	0.8482000000000001	0.70435	0.28665	0.9886	2.0719	13	2
37	0	1	1	0	1	0	0	0	0.11460000000000001	-0.20645	1.4615	-0.2173	0.3801	-1.5044	2.7816	0.03205	4.6716999999999995	0.8703	-0.42635	-1.0274	1.11365	1.0352	0.8378	0.1503	0.1597	0.8073	0.7874	1.829	0.08645	0.9894	-0.0093	0.17725000000000002	1.89555	2.7742	0.1421	0.329	0.06855	1.6214	0.35300000000000004	0.9209	0.1106	0.9609	0.5926	1.72145	1.8785	1.4717	0.56985	-0.249	0.20265	0.0108	0.3957	0.3868	-0.2386	1.18525	4.2283	-0.2987	0.32285	0.3241	0.5478	3.4004000000000003	0.318	0.9233	-2.7982	0.496	0.8482000000000001	1.671	-1.4024	0.07210000000000005	1.5058500000000001	0.20965000000000006	1.05915	-0.7806500000000001	-0.5766	0.9427	-0.2863	-0.4832	1.0522	0.7559499999999999	0.59815	-2.47795	-0.08175	-0.45935000000000004	-0.15885	0.4669	3.5246	44	2
38	1	2	0	0	0	1	1	0	0.466	-0.0219	0.4393	0.2473	0.7231	-0.4201	2.6126	0.7064	4.3084	0.3084	0.481	-0.1953	0.9242	1.2995	1.4212	0.0101	0.5327	0.5734	0.8344	1.895	0.0606	0.4278	0.0399	0.648	1.5322	3.0601	0.5953	0.4203	0.2075	0.4833	0.7779	0.1578	0.2928	0.5782	0.8324	1.7167	0.4597	2.3727	0.5849	2.2611	0.9281	0.6276	1.1593	1.4327	0.1985	1.7506	4.2242	0.2062	0.8515	0.0076	0.4853	3.9609	-0.1632	-0.0023	0.2378	0.9558	0.7826	0.5241	1.4529	-3.5258	-0.5225	0.1354	1.029	1.4876	-0.8922	0.8194	-0.0707	-0.687	0.9116	0.5904	0.8107	-4.7042	0.1025	-0.1735	0.297	0.3908	4.0972	9	2
39	0	0	0	0	0	1	1	0	0.4752	0.695	0.3411	2.284	0.4899	-0.6741	1.4949	0.4342	2.9132	0.9404	0.8586	0.0259	0.6663	1.3727	1.73	0.565	1.1514	0.6612	1.0227	1.3736	0.8798	0.4874	0.2662	1.2452	0.4606	2.3839	1.3561	-0.1721	0.7651	0.7705	0.472	1.6593	1.098	1.2356	0.9931	2.0224	1.798	0.2988	1.9621	0.4996	1.6501	0.4513	0.5995	0.668	1.1804	-0.1094	2.7857	-0.8603	0.4495	-0.4752	0.658	2.1309	1.5207	1.5645	-1.9813	1.4883	0.8818	0.2251	0.8642	-2.5833	0.2764	-0.3754	0.2288	-0.3033	1.0407	1.7003	1.0876	1.7948	1.2847	-0.4208	0.4828	-5.3203	2.1023	0.5841	-0.3177	1.0016	2.1598	3	2
40	0	1	1	0	1	0	0	0	0.4277	0.0516	0.7617	-0.4108	0.7763	-2.0789	3.2409	0.1793	4.7109	0.9505	-0.5671	-2.1294	1.7828	1.6622	2.2709	0.2176	0.8554	-0.0906	0.7974	1.3029	0.4261	0.2359	-0.7226	0.5786	2.0226	4.9056	0.4764	0.2649	-0.5912	0.8197	-0.0508	0.4359	0.1791	0.0579	0.7033	1.9997	-0.1286	2.3512	0.3978	-0.4705	-0.2865	0.1655	0.9752	0.3235	0.0824	1.2804	5.9459	-0.2822	0.3887	-0.1433	0.1803	4.854	0.8892	0.8987	-3.4252	0.4052	0.7198	0.4458	-1.0452	-3.2148	-0.2109	1.006	1.4006	-0.4119	0.4627	0.9484	1.2205	1.3699	0.9102	-1.6179	-0.9234	-3.5891	1.3798	1.13	0.6622	-0.0364	4.7785	3	0
41	1	0	0	0	2	0	0	0	-0.4141	-0.05	0.5027	0.6698	0.1755	-2.0971	1.1951	0.863	1.848	0.2292	0.7887	0.0836	-1.0474	0.0784	0.6342	-1.3073	0.1387	0.6282	0.7601	0.8888	-0.2488	0.8373	-0.8227	0.8144	0.6359	1.6571	0.0043	-0.8671	-0.3551	-0.984	-0.2217	1.3294	0.1777	0.2097	1.0569	-0.2966	-0.8419	-0.3243	0.6932	1.9013	1.0408	0.1295	-0.6207	0.411	0.7891	0.1437	2.0656	-0.7384	0.1595	-0.3189	0.0035	0.8836	-0.2394	-0.7824	-2.3906	0.331	1.82	0.4203	0.3514	-3.7895	-0.8385	-0.052	0.5306	-0.0076	-0.0983	3.1939	-0.3342	-0.3084	-0.256	0.5944	0.0045	-5.103	1.1226	0.7017	-0.2235	0.6699	1.7222	45	1
42	0	1	1	0	1	0	1	0	1.4962	-0.03605	1.1236	1.2406	0.4764	-1.6501	1.2915	-0.1162	3.4345499999999998	0.7138	-0.39415	-0.1583	1.06625	0.27915	-0.25245	0.1693	0.9375	0.7171	0.88655	1.6951	0.70685	0.8626	-0.6224	0.6446000000000001	0.10839999999999998	2.3834	0.3498	-1.0558	0.04735	0.64835	0.4069	-0.77115	0.40190000000000003	0.606	1.7449	0.7059	0.9347	-0.9396	1.1863	0.52655	0.4466	0.4643	-0.17435	1.2836	0.8018500000000001	0.36475	3.34325	-0.4155	0.1356	-0.0968	0.4188	1.6145	1.0079	0.32420000000000004	-2.179	1.0651	1.23835	0.4468	-1.19095	-1.35135	0.60425	1.8241	0.29055	0.1699	0.3406	1.3627	0.5625	0.38655	0.8914	0.15539999999999998	-0.11205	-2.5991	1.1926999999999999	0.7064999999999999	0.1697	1.3335	2.7858	3	2
43	1	0	1	1	1	0	0	0	0.0206	1.3286	0.8604	1.7096	0.9226	-1.768	2.0185	0.4122	3.2187	1.6653	2.3233	-1.8297	0.6684	1.1067	0.7057	1.3655	0.6595	1.8834	1.5643	1.1003	0.9345	0.0069	-0.8169	1.413	1.0331	3.526	1.8555	0.6005	1.173	0.6963	0.767	1.4044	0.8405	1.2073	1.8874	2.6645	0.8714	0.2763	1.9074	1.106	0.7745	0.3523	0.3006	-0.1462	1.4643	0.1574	3.5369	-0.8633	-0.0307	0.3084	0.555	2.7308	0.8952	2.0197	-2.2598	0.4864	2.2953	0.7578	0.0785	-3.5346	1.1808	-0.1933	0.3846	1.0105	0.1963	1.295	0.6636	0.7228	0.5896	0.214	-1.1559	-4.8309	1.2416	0.6107	0.6367	1.207	2.4612	8	2
44	0	0	1	0	2	0	0	1	0.13789999999999997	0.49365	0.752	-0.0042500000000000315	0.9579	-1.3288	2.0268	0.5475	4.1831499999999995	1.7038	-0.38780000000000003	-0.06564999999999999	-0.061149999999999996	-0.643	1.04545	-0.7532000000000001	-0.3921	0.7699	-0.46609999999999996	1.851	0.6428	1.2265	-0.3268	0.57985	1.4115499999999999	2.6663	0.41674999999999995	0.749	-0.512	0.43805000000000005	0.68655	0.9320499999999999	0.06510000000000002	1.3325	0.9693	1.2841999999999998	1.8634	6.5882	-0.07229999999999998	-0.59705	-0.11845	1.5291	-0.38705	0.144	0.61225	0.9936499999999999	3.6507	0.1968	0.53915	1.153	0.9296	2.1679	1.5444	0.9725	-2.3514999999999997	1.1099	0.9168	0.6687	1.7662	-2.229	-0.74195	-0.49534999999999996	0.5439	-0.04680000000000001	0.93165	0.9026	0.7026	0.73335	0.3839	0.01034999999999997	0.441	-2.68175	0.3498	-0.17600000000000002	-0.14359999999999998	1.1947	3.6119	2	2
45	0	0	0	0	1	0	1	1	0.3302	1.5071	1.2394	0.5735	0.6377	-1.7661	0.8857	0.5603	2.1709	1.6177	1.4961	-0.9547	-0.1767	1.0037	1.6759	-0.0315	0.5033	1.0854	1.4003	2.782	0.5319	0.8602	0.0146	0.5143	0.5241	2.0876	1.341	0.1185	-0.2293	1.5989	0.8142	1.5945	0.7165	0.5916	1.4969	0.7951	0.8618	0.6883	1.6547	0.4536	0.8137	-0.39	1.1017	1.2399	0.7623	0.3224	2.2472	-0.1185	0.3081	-0.3894	0.1218	0.8981	1.2842	0.7955	-2.4751	0.8577	0.577	1.2196	-0.1116	-3.8836	0.7567	0.277	0.2671	-0.1925	0.6205	0.5896	0.5028	0.606	-0.165	-1.58	1.1615	-4.0783	1.3716	0.4117	1.3173	1.1132	2.1483	40	2
46	0	1	0	0	0	0	0	0	0.5713	0.3176	1.1237	0.1638	0.5611	-1.3395	2.3793	0.0192	3.4344	0.2801	-0.1395	-0.9468	-0.4677	0.6317	0.9088	-0.6047	-0.6291	0.2108	0.5203	1.4257	0.0691	4.8834	-1.1674	0.4339	0.4763	1.684	0.3996	-0.0676	-0.4633	0.6228	-0.6139	1.5178	0.3131	0.2609	0.7409	0.4373	-1.2107	1.6024	-0.015	-0.2862	0.6654	0.4813	-0.216	0.6833	0.0534	0.6986	3.1772	-0.5671	1.343	1.282	0.3947	2.8153	0.0714	0.604	-3.4196	0.2681	1.0149	0.4855	-1.2297	-3.9803	-0.6787	-0.4094	0.4291	-0.0961	-0.2455	0.5549	-0.0567	-0.0438	0.4155	0.4754	0.1156	-4.4144	1.376	0.2932	0.2732	0.1249	2.8362	5	2
47	0	0	0	1	0	0	0	0	0.9561	0.4348	-0.256	0.2944	0.715	0.5437	1.3389	-0.1455	0.6261	0.6416	0.0037	-0.787	0.8486	2.9424	2.7023	0.6033	-0.2214	-0.0036	0.743	0.8813	0.1257	0.8519	0.8207	0.3281	0.6265	3.1938	0.2502	0.1764	-0.3174	0.2247	0.3861	1.431	0.0327	-0.2811	-0.6086	-0.2936	0.1241	1.1219	0.2008	-0.4321	0.5223	0.1931	0.9589	0.6642	0.8838	-0.3557	1.1465	-0.5113	-0.0884	-0.6181	-0.1797	-0.9472	0.7299	0.48	2.2829	0.7309	1.2328	0.9005	-0.8222	-2.7971	-0.0346	-0.6986	-0.0206	-0.5698	0.1161	1.311	0.0664	0.6382	0.2296	0.3842	0.0057	-5.7103	1.2176	0.1505	-0.1822	0.171	0.5296	20	1
48	0	0	1	0	1	0	1	0	0.3705	0.0266	1.1304	1.0842	0.2043	-2.0436	2.3374	0.1421	3.8749	0.225	0.4187	0.0783	-0.4636	1.2627	1.8324	-0.6241	0.0421	0.6127	0.5077	2.3588	0.1933	0.1725	-0.3371	0.858	1.0837	4.0034	0.2076	0.3134	-0.2576	0.267	-0.0828	1.0001	0.7933	0.4333	0.6685	1.0175	0.8724	0.5526	0.7415	-0.2105	0.1134	-0.2202	-0.0209	-0.7078	0.6066	0.6443	2.7854	-1.2501	-0.4704	-1.162	0.2635	3.575	0.7951	0.6389	-3.0554	0.5966	0.8029	1.1437	-0.3195	-4.1432	0.0754	-0.9588	0.9589	-0.0635	0.1695	0.0565	-0.0391	-0.0087	0.6791	0.3676	0.6479	-5.3374	1.5912	0.2465	-0.1985	0.3994	2.946	44	2
49	0	0	0	0	1	1	0	0	0.6869	1.193	0.022	0.316	1.2031	-0.2952	2.4082	-0.1343	0.1613	0.2799	0.3442	-1.6734	-0.5444	2.3444	2.8106	0.2819	0.3552	0.5936	0.868	0.7198	0.6183	1.0671	0.7576	0.723	0.6249	1.8126	0.3361	0.6543	0.3611	0.7478	0.8738	0.8103	0.2903	0.2024	0.5982	0.0143	-0.2796	-0.31	1.4868	0.3707	0.7235	1.2569	0.7804	-0.2129	1.2219	-0.1355	0.2624	-0.5007	0.3294	0.2427	0.5968	-0.2576	0.2788	0.8323	0.6082	1.1451	0.4201	0.621	-0.4554	-3.8571	1.092	-0.105	0.3477	-1.3071	0.011	2.1378	0.3953	0.9239	0.6785	2.4064	1.0662	-6.3877	1.8537	1.2116	0.945	0.7566	-0.0373	2	1
50	0	0	0	0	2	0	0	1	0.4402999999999999	0.85105	1.5486	1.11205	0.1242	-0.9273	2.683	0.62005	5.00515	-0.1	0.246	-0.20314999999999997	0.88875	1.3723	2.75455	0.37615	1.82715	0.7695	0.2812	0.701	0.7457	0.011	-0.5446	0.8462000000000001	1.15595	2.9336	2.0839499999999997	-1.0293	1.01745	1.3204	0.8993	-0.18580000000000002	0.61255	0.4712	1.3037	1.7477	0.395	1.8439	0.7269	0.3478	0.36	0.5431	0.67995	0.3574	0.8141499999999999	0.9298	5.2913499999999996	0.08610000000000001	0.5983	-0.1714	0.4253	3.7926	1.3104	0.9275500000000001	-1.1750500000000001	0.4826	1.29345	0.186	4.76775	-2.6111999999999997	0.7959499999999999	1.999	0.71895	0.73735	1.1725	1.1513	0.6845	1.0174	0.0266	0.84135	0.7112499999999999	-2.34805	1.20195	0.41745	0.0682	0.238	4.4506	5	0
51	0	0	0	1	0	1	1	1	-0.4452	0.8459	1.1249	0.5219	0.5917	-1.7151	2.2354	0.3222	3.047	0.2813	0.2579	-0.0092	0.462	1.2457	1.2781	-0.1828	0.8651	0.1273	1.4124	1.5656	0.4954	1.1055	-0.9506	0.3762	1.4411	0.6444	0.4389	-1.0311	-0.3412	1.0097	0.7961	0.0947	0.2954	0.6096	0.9647	1.2331	0.886	2.2376	0.9203	0.0115	1.0409	0.0161	-1.5457	-0.7786	0.8469	0.5669	4.739	-0.7098	0.4094	-0.3376	0.4888	1.8988	0.846	0.2971	-2.959	0.7174	1.7002	-0.0823	-1.4582	-4.3192	0.469	-0.183	0.7053	-0.5941	0.6227	0.1143	0.5945	0.848	-0.0672	0.1719	0.9257	-4.1227	1.2119	0.2027	0.0042	0.4286	2.6278	17	2
52	1	1	0	0	0	0	0	0	0.6296	-0.5393	0.6881	-0.296	0.7631	-0.2798	2.758	0.5353	3.7273	0.6991	1.2842	-1.259	0.7249	1.5794	1.3522	-1.2711	0.8141	0.3515	0.7113	2.6076	1.0213	0.8167	-0.3026	0.3278	2.4144	3.4258	-0.5451	0.0929	1.2815	-0.7673	-0.3096	0.8683	0.4369	1.1839	1.5076	1.9028	0.2095	2.3773	0.8917	0.7239	0.6911	1.0086	0.8185	0.0076	0.3168	0.4658	3.2437	-0.398	0.4926	0.6771	-0.1472	3.1108	1.0105	0.2491	-2.6937	0.6805	1.0774	0.2639	-0.9805	-4.3299	-1.1306	-0.3148	0.8236	0.7342	0.1592	1.3056	0.8966	1.2227	0.4601	0.0298	1.0046	-4.4911	1.0797	0.3315	0.0513	0.5136	4.4757	6	2
53	0	0	1	0	1	1	0	0	0.9752	0.9322	1.2576	1.0454	1.2084	-1.1734	2.9788	0.9121	4.2927	0.8699	1.05	0.1626	1.3063	0.7885	1.5621	0.4684	0.1851	1.6748	-0.1718	2.5752	1.0703	-0.0149	-0.6879	0.6392	1.1372	2.4497	1.3823	0.1826	-0.0046	1.6718	0.7385	1.1907	0.8076	1.3753	1.7521	1.7382	0.3454	4.1114	1.9156	1.0184	0.6487	0.3604	-0.5338	0.8721	1.1407	1.176	4.7808	-0.1254	0.4527	0.1592	0.9904	2.3732	1.0987	1.3608	-1.584	1.0715	1.48	0.8928	0.708	-2.875	0.1837	0.1393	0.7084	-0.0054	0.7009	0.9051	0.201	1.1099	0.8491	2.098	0.6983	-3.445	1.5886	1.0565	1.0033	0.7067	3.9228	32	2
54	1	0	1	0	2	0	1	0	0.5252	-0.056900000000000006	0.6718	0.1789	0.5053	-1.9121	3.8883	0.38905	5.734999999999999	1.1395	-0.4509	-1.3260999999999998	1.31715	0.8703000000000001	0.9835499999999999	-0.22955	0.56185	0.164	0.3399	0.5048	0.009599999999999997	0.5735	-0.4878	0.1532	1.41235	1.6189	-0.3218	0.1666	0.11960000000000001	1.1019	0.8221499999999999	0.5021	0.0717	0.331	0.8842	1.3592499999999998	1.0789	2.0069	0.4217	-0.042749999999999996	-0.2151	0.4619	0.1762	0.73135	0.499	1.2328999999999999	6.16845	0.17980000000000002	0.4617	-0.567	0.9317	3.4343500000000002	0.7485	0.8214999999999999	-1.8958499999999998	0.5827	0.68895	0.8316	-0.98	-0.7152	-0.015299999999999994	0.6531499999999999	0.6	-0.47995	0.26535	0.4622	0.4433	-0.0645	1.1306	0.1191	0.3229	-1.64885	0.3822	0.42865000000000003	0.09100000000000001	0.4625	4.4094	5	0
55	0	0	0	1	1	0	1	0	0.7957	-0.1177	0.3075	0.7465	-1.0286	-1.1373	2.5617	0.6461	3.8593	1.0411	0.1046	-1.2055	-0.5657	1.4605	1.6618	0.1633	0.5989	0.0548	0.3105	0.113	0.7247	0.1464	-0.5898	0.0186	0.423	0.4214	0.2469	-0.1269	0.0517	0.7202	0.1592	1.0191	0.3613	0.1373	0.4243	0.1162	0.9984	0.4905	0.352	0.6713	0.1853	0.8107	1.0002	0.5142	0.269	0.434	4.5351	-0.4692	-0.0991	-0.032	-0.2784	1.5557	0.7316	0.2635	-1.4644	-0.0183	0.0378	0.3684	-0.3603	-5.1167	-0.3591	-0.5751	-0.0025	-0.8345	-0.2373	1.5355	0.2004	0.2224	0.9622	1.7271	0.3756	-5.1186	0.8114	0.1615	-0.1014	0.6443	2.3235	5	2
56	0	0	0	0	0	0	1	2	0.4992	0.4274	0.4565	-0.0895	0.4935	-0.4727	2.875	0.8237	3.9007	0.4699	0.8444	-2.1884	1.4348	2.2539	1.4703	-0.3869	-0.0568	0.4554	0.5192	1.9459	0.4262	2.2194	-0.5734	0.8579	1.4562	3.2626	0.0778	0.2658	-0.4114	0.6483	0.0944	0.1737	0.4908	0.5534	0.9152	1.1791	0.7928	1.5659	0.5615	0.8796	0.9538	0.3365	-0.4867	1.5015	0.8012	0.7748	4.5063	-0.9087	0.0925	-0.7589	0.6123	2.4058	0.9745	0.3078	-0.2691	0.7174	1.5565	0.3638	-0.9306	-4.6701	0.2008	0.0214	0.7492	-0.0169	0.3665	1.5693	0.1714	0.6535	0.8293	0.5002	0.5402	-4.5483	0.8414	-0.0783	-0.0746	0.5733	3.9215	0	2
57	0	0	0	1	0	0	1	0	1.0495	0.3457	1.5491	0.4903	-0.1612	-1.7514	2.7515	0.0292	4.6068	1.004	0.429	-2.2425	0.6712	0.8803	2.2647	-0.1778	-0.0391	0.0865	0.8456	2.1615	0.211	0.2096	-0.453	0.6228	1.3514	3.7983	1.8085	-0.1048	-1.6749	0.4701	-0.8446	0.6781	0.3198	0.0474	0.3662	1.1411	0.5287	5.0107	0.3754	0.2683	0.3986	0.7828	0.6212	0.7237	0.4994	0.5551	5.1894	0.1474	0.2369	-0.3432	0.3642	2.9053	0.5607	0.5074	-2.1436	0.1205	0.4275	0.381	1.3081	-4.9128	0.2256	-1.3587	0.7855	-0.261	0.0796	0.7513	-0.129	-0.2442	0.3139	1.3431	-0.2859	-5.1559	0.252	0.106	0.1981	0.549	3.4074	2	2
58	0	1	0	1	1	0	0	1	1.0815	1.9819	0.7161	0.9968	0.8309	-1.754	3.7735	1.0303	4.1139	0.3193	3.1378	0.0575	2.0642	2.0014	2.2604	0.3918	-0.1479	1.5067	1.132	2.9573	0.5089	-0.0035	-0.0076	0.9005	1.8352	4.7578	0.341	-0.4363	-0.3357	0.6444	0.7653	1.383	1.1793	0.927	2.1573	2.5776	0.4647	1.3722	1.4431	0.5478	2.3232	0.8448	0.209	0.9663	0.5919	1.4541	4.5374	-0.9359	0.8082	-0.0089	1.156	4.8983	0.5726	1.4501	-1.9911	0.9855	1.1388	0.3712	-0.2695	-3.4843	1.2127	-0.3	2.0062	0.6824	0.2816	1.3872	0.8258	0.5245	0.8509	0.4129	0.7381	-3.3285	1.7382	0.9935	1.5779	1.5576	4.3208	15	0
59	0	0	1	0	1	0	0	0	0.7547	0.984	1.9675	1.198	1.1723	0.1266	2.8182	-0.2469	2.7707	0.4917	1.2306	-1.3877	0.9078	2.0786	1.2706	0.704	1.413	1.2947	0.8814	1.9111	1.2159	0.0614	-0.6178	0.5619	1.2686	2.4323	1.2668	-0.9456	-0.4233	1.1979	0.4028	0.7032	0.3628	0.5939	2.0798	0.6269	1.2315	0.6627	0.7872	0.8912	1.2421	0.5516	-0.0253	0.1336	1.0162	0.1909	2.2624	0.5133	0.8141	0.5788	0.1001	1.2687	0.8279	0.4141	-1.5946	0.702	1.0656	0.2812	0.0197	-3.5416	-0.608	0.384	0.1614	0.4117	0.5135	0.6988	0.9805	1.1327	0.5927	1.5353	0.5429	-5.1491	0.884	0.9479	0.3185	0.5983	2.3989	13	2
60	0	0	1	1	1	0	0	2	0.4302	0.3364	0.262	0.7568	0.8351	-1.3383	2.7203	0.9037	4.1225	1.5434	1.555	-0.4398	0.8279	1.2598	2.0138	0.0238	0.6941	0.4989	0.2851	1.8429	0.4522	0.7487	-0.2303	0.6977	1.4996	0.487	1.0022	0.3559	0.5886	0.889	0.1725	1.4195	0.7898	1.4558	1.0213	1.8275	1.6687	2.7054	0.9939	0.9329	0.6235	0.1873	0.3046	-0.2464	0.6571	0.8987	5.1	-1.2995	-0.2357	0.0627	1.2548	3.978	1.1515	1.2375	-1.2578	1.0511	0.5505	0.3708	0.528	-2.7349	1.3947	-0.4164	1.0248	1.0223	0.7059	0.4227	0.9518	0.4539	0.7524	-0.1157	0.588	-4.6018	1.5384	-0.044	0.2433	1.1158	3.4947	0	2
61	0	0	0	0	2	0	0	2	-0.6276999999999999	-0.347	0.2279	0.1176	-0.1879	-0.1898	1.9329	-0.0683	0.91835	0.1731	-0.32565	-0.8545499999999999	-0.27875000000000005	-0.3453	-0.745	-0.5143	-0.09995000000000001	0.0609	0.284	0.2606	-0.34515	0.0825	-0.4467	-0.1142	0.09960000000000001	-1.2197	1.14505	-0.3453	-0.7342500000000001	-0.013700000000000004	-0.49665000000000004	-0.019250000000000017	-0.45320000000000005	-0.1014	0.3924	-0.7976	-0.286	0.0477	-0.3007	-0.3072	0.1349	0.5113	-0.0269	0.3266	0.1091	-0.4237	1.4249	-0.7378	-0.10165000000000002	-1.1124	-0.6853	-0.5575000000000001	0.1408	-0.32455	-2.7779	-0.4963	1.16615	-0.1439	-1.8123	-2.77855	-0.33485	0.65295	-0.11095	-1.7730000000000001	0.045450000000000004	0.2862	-0.3057	-0.256	-0.4792	0.14115	0.13295	-3.50685	0.14245	-0.465	-0.84365	-0.4919	0.8718	0	1
62	2	0	0	1	0	1	0	1	1.7959	-0.0426	1.2635	0.6971	0.1522	-1.2285	2.2556	-0.5755	3.5594	1.3154	0.6726	-2.3209	-0.7346	1.2585	1.3887	0.0797	0.267	1.3148	0.1277	1.5802	0.7847	0.939	-0.4317	0.9964	0.3137	0.6938	1.2442	0.0941	-0.2726	0.8767	1.0369	0.9482	0.5016	0.5522	1.1563	0.5198	1.8059	1.9608	1.22	0.5336	0.4272	0.3913	-0.3558	-0.4354	0.5548	0.149	4.2558	-0.9366	0.3768	-0.1905	0.9408	1.6992	1.1125	0.7809	-2.3062	0.8953	1.1216	0.6795	0.0349	-3.9305	1.9952	0.1877	0.3677	1.1064	0.7702	1.3455	0.5321	1.0179	0.5455	1.5841	0.1539	-4.6164	1.2966	0.1861	-0.0932	0.8141	3.0646	2	2
63	2	0	0	0	0	0	1	0	0.55335	0.7021	0.9586	0.9434500000000001	0.4333	-1.3029	3.6162	0.7417499999999999	5.70225	0.5988	0.04665	-0.31195	2.5452	1.09835	2.80975	-0.1154	1.2902	0.9109	0.7207	3.5138	0.129	-0.0497	-0.3477	0.44245	3.18175	2.6761	0.97695	0.0698	0.8845999999999999	1.2452	1.41485	0.39665	0.5348999999999999	0.1213	0.4071	2.8449	0.92905	2.5277	0.32685	1.02275	1.0647	0.3374	-0.32799999999999996	0.011899999999999994	0.94755	2.27995	6.928649999999999	0.20249999999999999	0.9078	-0.3852	-0.0668	4.60945	0.5613	1.3793	-1.03495	0.5018	0.6736500000000001	0.5446	-0.47955000000000003	-2.0732500000000003	-0.17040000000000002	0.36275	1.4258	-0.9058999999999999	0.35455	3.2646	0.386	0.6386000000000001	0.8653	0.3319	0.17850000000000002	-1.20355	0.7171500000000001	-0.53035	0.71025	0.6765	4.8307	3	0
64	0	1	0	0	0	0	1	0	0.82	1.2265	0.1465	0.5197	0.3356	-1.1085	3.3957	0.872	4.6664	-1.0073	2.3599	-1.174	1.1679	4.3669	4.3977	0.1109	0.1836	0.4902	0.7009	2.4058	-0.0037	0.4289	-0.0413	1.6957	1.5141	5.2511	0.8389	-0.47	-0.2054	-0.0013	0.8256	0.412	1.0878	0.1624	1.1499	1.9424	-0.1755	3.0315	1.0578	0.6969	0.8304	-0.0798	-0.7441	1.3064	1.6513	1.3479	6.1106	-0.7213	1.4599	1.3713	-0.3443	5.2322	0.8777	0.6518	-2.1933	-0.038	0.6911	0.2954	0.5217	-3.362	-0.0701	0.5916	1.3059	0.6707	0.3454	1.508	0.5974	0.3763	0.7833	-1.559	0.5958	-3.8815	1.5559	0.5657	1.0428	0.7297	4.9334	0	0
65	0	1	1	0	0	0	1	0	-0.1656	-0.0608	0.0044	-0.1709	0.1972	-0.4961	3.9176	0.1369	4.5405	0.4383	-0.2657	-1.5084	1.7107	1.3317	0.7568	-1.3207	-0.1243	0.4624	0.6838	2.8355	0.0575	0.2339	-0.634	0.1195	1.2724	4.6477	0.5916	0.0357	-0.4259	-0.4299	-0.2305	1.0697	0.0424	0.2709	0.851	1.8187	0.0262	2.7253	0.332	0.7855	-0.148	-0.1483	0.075	-0.6555	-0.0735	1.6469	4.7157	-1.4489	-0.4936	-0.6622	-0.2498	4.9204	0.959	0.0291	-1.9317	0.2999	0.8986	0.4119	-1.0207	-3.3374	2.218	0.4768	1.3346	0.3971	0.348	0.6493	0.6533	0.2116	1.1001	1.0456	-0.1976	-4.04	0.9946	-0.1132	-0.9132	0.1835	4.5284	25	0
66	0	0	1	0	1	2	0	0	0.9672	0.8097	0.2961	1.3374	0.0293	-0.1393	1.6477	0.3707	0.5338	0.1671	1.188	-0.0094	-5.5311	0.4157	-1.107	-0.5173	0.1145	0.8551	0.7514	0.5321	-0.0114	0.2478	-0.2147	-0.0426	0.9321	0.0545	0.6726	-0.6084	-0.4796	-0.0027	0.2106	-0.0467	1.0124	0.3338	0.5926	0.5879	0.7621	1.4727	0.6001	0.2113	1.2738	0.2268	0.325	0.3577	0.5317	-0.081	0.9499	-0.9108	-0.0213	-0.1235	0.0645	0.6703	0.3074	0.5521	-2.0625	0.0507	0.993	-0.3464	2.9888	-3.6352	-0.0832	0.4522	0.1497	-0.6537	0.1784	2.5982	0.248	0.5385	1.2596	0.3339	0.9482	-5.1385	1.3143	0.3322	0.4757	1.0701	0.3121	13	1
67	0	0	0	2	0	0	0	0	0.13845	-0.03040000000000001	-0.3883	0.38515	0.2916	-1.774	2.8928	0.09665	5.1841	-0.1053	-0.59015	-0.7694500000000001	1.44585	0.39675	1.3084500000000001	0.0238	0.52325	0.4321	0.57015	2.1956	0.1881	0.7842	-1.1667	0.0998	1.30015	2.8238	-0.0575	-1.1443	-0.16324999999999998	0.6098	0.48905000000000004	-0.35550000000000004	-0.2311	0.2737	1.4203	1.2361	0.53725	1.799	0.56255	0.84895	0.77095	0.3899	-0.09475	0.9158999999999999	0.21935	1.00335	5.09545	-0.7018	0.4232	-0.3596	-0.2586	3.2785	0.9139	-0.018099999999999998	-1.573	-0.211	1.5909	0.3102	0.16135000000000002	-2.4763	-0.09435000000000002	1.1691500000000001	1.08575	0.7699499999999999	0.41705000000000003	1.3737	0.4151	0.9977	0.7061	-0.18024999999999997	0.17099999999999999	-1.6742499999999998	1.17825	-0.5055000000000001	-0.46465	-0.0876	3.9137	2	0
68	1	0	1	0	0	0	1	0	-0.9592499999999999	0.43810000000000004	-0.0978	0.5257000000000001	-0.284	-1.9727	2.8765	0.4036	5.2126	0.5461	-0.6224000000000001	-0.0006000000000000172	1.47435	0.7106	1.0393999999999999	0.9176	-0.78135	0.3053	0.1758	1.0642	-0.06755	-0.1561	-1.142	0.6332	1.46815	2.8384	0.20865	0.5985	-0.1666	-0.47255	0.54855	0.46174999999999994	0.178	0.2679	0.1195	1.583	-0.005599999999999994	1.7628	-0.04809999999999999	-0.10945	0.15515	0.6837	-0.36129999999999995	0.14955000000000002	0.2785	1.28945	4.86935	-0.58845	0.49060000000000004	-0.0531	0.0607	3.5667999999999997	0.8826	-0.13705	-2.30125	0.3451	0.22399999999999998	1.09	-0.5916	1.92015	-1.0929	1.14435	0.9001000000000001	1.08395	1.10235	0.8667	0.7138	0.22744999999999999	-0.0583	0.2283	0.7323999999999999	-2.3657	0.6294	-0.4073	-0.7404	-0.1126	3.5974	3	0
69	0	0	0	0	1	0	1	1	0.5542	0.6655	1.1014	0.7873	0.9598	-1.8182	2.9691	0.49224999999999997	5.7353	0.6166	0.3449	-0.14815	1.81495	1.1356	0.4168	0.664	1.0379	1.4816	1.029	2.4045	0.646	-0.063	-0.0603	0.58735	1.60715	3.2365	0.39615	0.321	0.23429999999999995	1.38335	1.6803499999999998	0.77555	0.6537000000000001	0.4481	1.2202	1.9151	0.4028	1.0442	0.90455	0.3677	0.73485	0.541	0.7237	4.3806	0.8773	1.1536	5.4343	-0.2028	0.3875	0.4727	0.6348	3.1155999999999997	1.3111	1.1783	-2.5592	0.9302	2.43515	1.06	-1.1117	0.27874999999999994	-0.11105	0.6478999999999999	1.10615	-0.15855	0.9229499999999999	1.0198	0.928	1.2225	1.329	1.942	-1.07825	-1.5973499999999998	0.9497	0.7101999999999999	0.9539	0.8118	3.962	6	0
70	1	0	0	0	1	0	0	0	0.6041	1.0151	1.0365	0.8765	0.5088	-1.5874	2.9904	0.0838	4.3429	0.3595	0.1919	-1.1989	-0.2592	1.2853	1.8167	0.4675	0.1816	0.8011	-0.0092	3.214	0.8039	0.5794	0.122	0.284	1.7614	3.4171	0.2963	-0.6263	-0.6906	0.7277	-0.4983	0.4153	0.54	-0.2458	1.0392	0.9466	-1.0292	2.2949	1.0014	0.298	0.0722	0.1788	0.0331	-0.774	0.1573	0.594	5.0131	-0.5468	0.014	-0.5028	0.5259	2.8298	0.333	0.7121	-1.6924	0.4725	0.7699	0.202	-0.5965	-3.6985	-0.218	0.0657	0.7912	0.5155	-0.1845	1.0326	0.6164	0.8347	0.324	0.9607	0.2021	-4.8069	0.4928	0.7177	0.6966	0.465	3.7723	3	2
71	0	0	0	0	0	0	0	0	0.2536	-0.0586	0.7746	0.2383	0.7497	-1.8061	1.8152	0.3035	2.8592	1.2516	0.2632	-0.7347	-1.0322	0.8898	-0.2637	0.1025	-0.4612	0.7559	0.6074	2.0166	0.9711	0.2505	-0.718	0.4258	-0.0252	2.6388	1.6527	-0.2506	-1.4071	1.2658	0.8933	1.1307	0.2106	0.2775	0.5297	-0.182	0.6446	1.7269	0.4171	0.2195	-0.4695	-0.3465	0.4723	0.1004	1.0342	-0.2494	2.868	-0.6146	-0.0486	0.4633	-0.0522	0.6541	0.6815	0.1676	-2.653	0.6401	1.1885	0.5539	-1.1892	-3.1208	-0.3686	-0.4175	0.1027	-0.3719	0.2479	0.7827	0.2377	0.5905	0.1523	0.7878	0.0024	-4.971	0.9821	0.3831	-0.2816	0.1859	1.7272	1	2
72	0	0	0	0	1	1	1	0	-0.0449	0.7494	0.97	0.4161	0.7686	0.0482	3.3025	0.5871	3.4283	1.8362	0.9546	-0.972	-0.3393	0.9619	1.4608	0.9824	0.0822	1.3337	0.8931	2.0586	0.9616	0.6063	-1.2783	0.5427	1.0633	4.0473	0.7302	-0.0995	-1.1054	0.2081	0.7185	2.0439	0.52	1.3105	0.6102	0.6906	1.8378	0.7954	0.8151	1.4454	0.5007	0.0811	-0.0018	1.3221	1.6995	0.5051	3.2109	-0.8931	0.3942	0.1836	0.845	2.6177	0.8849	1.1515	-2.1331	0.5738	1.0196	1.7233	0.5623	-2.0423	1.2719	0.6362	0.653	0.54	0.6441	1.0725	0.4792	0.5386	-0.0108	1.2376	1.1124	-4.7456	1.9644	0.5253	0.7262	0.537	2.7413	27	2
73	0	0	1	0	1	0	0	0	-0.35475	0.36915	-0.3831	-0.48795	0.875	-1.175	2.7897	0.5122	4.829	0.3669	0.4905	0.13290000000000002	1.4856	0.8473	0.17679999999999998	0.6819500000000001	0.47675	0.2134	0.06499999999999999	2.2749	0.443	0.6871	-0.1895	0.15715	2.02245	3.8139	0.8049	-0.3444	-0.51925	-0.9975	0.6643	0.4063	0.0549	1.287	0.9521	1.6775	0.69455	1.3484	0.14029999999999998	0.27945	0.41375	0.3116	-0.6441	-0.13305	0.5955	1.5072	4.35355	-1.08305	0.26699999999999996	0.4482	0.777	2.4784499999999996	1.269	0.75745	-1.27365	0.5096	0.66845	0.3292	-0.9074	2.08645	1.0826	0.3264	1.51095	0.24445	0.65115	1.4611	0.6981	0.38455	0.5147	1.1522000000000001	-0.1278	-1.7327999999999997	0.47465	0.3468	0.16565000000000002	1.0669	3.9587	2	0
74	0	0	0	0	2	0	0	0	0.5638	0.5427	0.722	0.8727	-0.8075	-1.2913	2.8387	1.1175	3.5637	0.9065	1.3305	-0.0548	0.7141	0.6514	0.3105	0.1735	-0.416	1.2783	0.491	2.2906	-0.0041	0.2891	-0.371	0.7033	0.7787	3.6234	0.5082	-0.6943	-0.0362	-0.1459	-0.2815	1.0884	0.6575	-0.1028	0.8851	1.4815	-0.9377	2.2583	0.9254	0.4243	1.2084	0.4584	0.6033	1.5552	0.7246	0.7169	3.4252	-0.2724	0.611	-0.2571	0.0812	1.2554	0.824	0.3493	-2.1389	0.4703	1.3826	0.4005	-0.1467	-3.9065	-0.6401	-0.5401	0.8434	-0.0239	0.7275	1.0658	0.3141	0.3305	0.2963	-1.1194	0.8553	-4.8491	1.279	0.0415	0.4416	1.0038	2.9756	4	2
75	0	1	0	2	1	0	0	0	0.31010000000000004	-0.004400000000000001	0.212	0.4033	-0.5597	-1.931	3.2162	0.46749999999999997	5.32545	0.1906	0.9559	0.01974999999999999	2.08515	1.1836	0.6432	-0.22724999999999998	-0.7236	0.458	-0.12674999999999997	2.9182	-0.010700000000000001	0.1991	-0.7699	0.21960000000000002	1.91625	4.2627	0.8567	0.1263	-0.26044999999999996	0.2671	-0.27095	0.06430000000000002	-0.1647	0.2754	0.3806	2.69665	0.7032	2.1853	0.4769	-0.19555	0.43805	0.2188	-0.8565499999999999	-0.1255	-0.15655	1.4053	5.0821000000000005	-1.3184500000000001	0.15785	0.1469	-0.1476	3.6086	-0.0125	0.53575	-0.81145	0.1409	0.6302000000000001	-0.565	-0.0706	-2.1604	0.5238	1.35855	2.35705	1.79875	-0.27254999999999996	0.6688	-0.6149	-0.285	-0.474	-0.83745	0.2236	-1.6069499999999999	0.46540000000000004	0.4434	0.165	-0.0107	3.9315	4	0
76	1	0	1	0	1	0	0	1	0.22650000000000003	-0.64045	1.0885	0.3375	0.9154	0.1833	4.0398	-0.0515	5.99555	0.8179	-0.27490000000000003	-0.70245	2.7074499999999997	2.5323	2.1976	0.9723	0.82995	0.8289	1.1207	2.1137	-0.08915000000000001	1.3427	-0.5785	1.1028	0.9577	5.1777	0.08245	-0.0429	0.49429999999999996	1.1461000000000001	0.5266000000000001	0.4047	0.29664999999999997	0.5528	1.8229	2.3488499999999997	-0.0398	3.4113	1.5118	0.9429	-0.08329999999999999	1.1211	-0.3115	0.5529	0.4582	2.0294499999999998	5.5359	-0.518	0.3915	0.3326	0.0069	4.09215	0.866	0.23685000000000003	-1.1608	0.9227	0.9033	0.6441	0.4175	-1.3486500000000001	0.07515	0.2814	1.8114	-0.61815	0.46285	1.6668	1.1243	-0.0419	1.3331	-0.84975	0.045950000000000005	-1.3404	0.3232	0.74565	-0.1059	1.1745	4.4516	1	0
77	0	0	1	0	1	1	1	0	0.1317	0.5948	1.0736	1.2313	0.4892	-0.9842	4.0952	0.6013	5.6099	0.7606	2.1961	-1.5182	2.0966	2.0819	2.6186	0.4815	1.1217	1.3899	0.9685	2.9032	0.7468	0.2647	-0.0327	0.9347	2.8232	4.7736	0.4869	0.9729	-0.0207	1.3792	0.3615	0.9517	0.9652	0.365	1.2418	3.1216	-0.0066	3.3277	1.1004	2.6237	1.1629	0.2775	0.995	4.1699	0.6525	2.0155	5.73	-1.13	0.1734	-0.2686	0.4559	3.9667	0.4982	1.4409	-1.372	1.4781	1.7037	0.0774	0.295	-2.7433	0.2761	0.1658	1.4947	0.5114	-0.4365	1.2537	0.0843	0.173	1.2276	0.9754	-0.7881	-3.3085	0.7303	0.4651	0.1709	0.6473	4.575	0	0
78	1	0	1	0	0	0	1	0	0.5158	1.2765	0.296	0.436	0.575	-1.7311	2.2772	0.4125	2.5284	0.5534	-0.4731	-0.801	0.6413	1.2215	0.2679	0.2943	0.0922	-0.078	0.5028	2.0189	-0.2241	0.2717	0.7129	0.5995	0.0181	3.7815	1.2045	0.7405	-1.0469	0.2245	0.0638	0.6756	0.0991	0.2874	0.6951	-0.0899	-1.114	0.9232	1.4	0.1511	0.4205	0.6444	0.5112	-0.3121	0.3718	0.2619	3.5071	-0.133	-0.0417	-0.3926	0.8922	1.9356	0.4364	0.1326	-2.2543	0.5238	0.9188	-0.2786	-0.2584	-2.5481	0.3891	0.5848	0.2767	-0.0381	-0.1469	1.314	0.4742	0.3655	0.0212	1.0864	0.8816	-5.1353	2.0045	1.3752	-0.6009	0.2689	3.5009	0	2
79	0	0	0	0	0	1	1	0	-0.2942	0.1682	1.547	0.2494	0.3084	-1.7044	2.2594	0.2779	4.4563	0.9684	-0.132	-1.9193	1.497	2.021	0.5796	0.3313	0.3359	0.5115	0.7279	1.8874	1.2761	0.1291	-0.7886	0.3799	1.4014	2.3893	1.2878	-0.2571	-0.9784	1.1107	-0.1783	-0.3869	0.392	-0.1668	0.8711	0.7536	-1.3155	1.3158	1.1502	0.403	0.3775	-0.6357	-0.47	-1.3659	0.6918	0.4126	4.0943	0.1659	0.4264	-0.2123	0.3139	3.1094	1.4328	0.4354	-2.6991	0.2906	1.1852	-0.0796	-0.1272	-3.1427	-1.1444	-0.0472	0.5076	-0.3697	0.749	0.1881	0.4375	1.0892	0.6356	1.9996	0.0995	-3.6453	1.4414	0.8099	0.3863	0.2479	3.2734	3	2
80	0	0	0	0	0	0	1	0	0.7007	1.2358	1.186	1.5507	0.6983	-0.9039	2.3745	0.6278	2.9717	0.0261	1.732	-0.0416	-0.6764	1.1368	0.5173	0.6114	-0.2484	1.9387	1.1046	1.4332	1.233	-0.2206	0.2603	1.234	0.2617	3.4935	1.0044	-0.4581	-0.3492	1.4846	1.0404	0.6325	1.4424	0.5828	1.7716	0.8261	-0.3281	0.7987	1.8424	1.1551	0.9462	0.0957	0.6698	0.6182	1.4536	0.1282	3.5793	-0.568	0.5984	0.0256	0.6114	2.2598	1.1837	0.8809	-2.0398	1.2953	1.4059	0.3401	0.3632	-3.4935	1.1363	-0.6611	-0.0554	0.149	0.7521	0.9581	0.9757	0.7623	0.6805	1.4475	1.1096	-6.358	1.633	0.9453	0.9206	1.0562	2.6316	0	2
81	0	0	1	0	2	0	1	0	0.0799	0.1503	1.8388	0.6759	0.7802	1.2779	3.4965	0.8742	5.4866	0.5371	0.6945	-0.8476	1.96	1.9004	2.6633	1.8912	0.4147	0.8588	0.8663	1.5701	0.9056	1.0096	-0.1568	1.0662	1.0329	2.6889	0.93	1.2798	-0.9112	0.1627	0.1621	-0.1918	1.0171	0.19	2.2457	2.6535	-0.3084	2.5316	0.8752	-0.0105	1.2455	0.9597	1.5349	-0.1212	0.8522	1.6714	4.9913	0.2425	0.5847	-0.0174	0.7044	3.8694	0.7188	0.8958	-2.8278	0.793	1.6966	0.3838	0.2472	-3.5135	-0.2779	0.6302	1.0202	0.9253	0.3542	0.8993	0.327	0.967	0.299	1.9344	0.8362	-4.0303	1.7954	0.8854	0.9763	0.7368	3.6153	3	0
82	0	0	0	0	0	0	2	0	1.8923	1.3286	1.2229	1.3313	0.4205	-0.0762	1.2984	-0.6093	1.3729	0.3357	0.2858	1.1263	3.2304	1.606	1.0516	0.1691	1.0	-0.1002	1.5054	0.5205	0.651	0.7518	0.6671	0.0203	0.9999	0.7173	1.6378	-0.652	-0.6301	1.5125	0.1487	-0.095	1.1224	0.6416	1.7114	0.1328	0.2225	1.2035	1.6899	0.2304	-0.1164	0.4962	-0.4229	-0.7755	0.1515	0.4096	1.4617	-0.6381	-0.6134	0.8411	0.5038	2.8511	0.8747	0.9583	-2.2154	1.0352	1.8513	0.3196	-0.3733	-1.9733	0.7736	0.2846	1.1123	-0.1502	0.406	1.8472	1.092	0.709	1.8149	0.7636	0.8345	-1.7476	1.8983	-0.2384	1.7847	1.3112	1.5518	1	2
83	0	0	0	0	1	0	1	0	1.4207	-0.5779	0.2625	0.9112	0.1778	-1.7705	3.1403	0.2815	4.2277	0.585	0.3435	-0.4109	1.2835	1.3515	1.657	-0.501	0.1764	1.0898	0.4334	3.2174	-0.2652	-0.115	0.0265	0.2699	1.8272	3.0223	0.5705	-1.0091	-0.8383	0.3557	0.954	-0.2434	0.5175	-0.0503	0.953	1.2592	-1.1723	1.0913	1.2294	0.1714	0.7095	-0.2485	-0.264	0.0687	0.8632	1.6077	5.1364	-0.9237	-0.311	-0.7473	0.0197	0.9298	0.8756	0.3699	-2.1794	0.5952	0.7486	-0.0576	-0.481	-4.6647	0.0361	-0.1934	0.898	0.2874	0.1902	0.3322	0.7513	-0.0511	0.9743	-0.1107	-0.4397	-3.9167	0.7242	-0.0502	0.0937	0.7873	3.8154	0	2
84	0	0	2	0	2	0	1	0	0.2115	-0.1399	1.0625	0.9817	-0.085	-2.5536	1.2233	1.0691	3.0989	1.096	1.0751	-0.7439	-0.2927	0.5722	1.5464	-0.6918	0.8339	0.8186	0.7759	0.5028	0.5038	0.6378	-0.6365	1.0673	1.0188	2.0166	1.5008	0.4874	-0.4901	0.4363	-0.0254	-0.0631	0.3062	0.3858	1.0242	-1.6505	-0.2309	1.0887	0.572	-1.1213	0.3356	0.7631	-0.0277	0.5039	0.2303	0.0668	2.4876	-0.1719	0.3742	-0.058	0.5067	0.8977	0.8597	0.1073	-4.2623	0.6413	0.7241	1.1693	0.7433	-2.0321	-0.7038	0.8539	0.0449	0.6612	0.7943	0.5617	0.7671	1.1023	-0.4318	1.9212	0.889	-4.9256	1.0433	0.5806	0.2861	0.6971	3.256	0	2
85	1	0	0	1	0	0	1	0	1.3239	1.0529	0.9647	1.4545	0.2077	-0.3178	2.1695	1.3478	3.73	0.334	0.5679	0.1491	0.5639	1.7712	2.6369	0.2164	0.3539	1.177	1.2127	1.1411	0.6316	-0.134	-0.1056	1.1967	1.5632	2.9981	1.5924	-0.7868	-0.1499	1.2758	0.6347	1.0884	1.0736	0.4984	1.4669	1.6515	0.4053	0.9417	1.4352	0.8141	1.8175	0.6514	-0.2739	0.2778	0.2129	0.4149	3.8805	-0.3045	0.7743	0.709	0.2244	3.0074	0.52	0.7836	-2.3302	0.7119	0.9535	-0.3818	-0.6139	-3.0793	0.4198	0.3507	0.4598	0.3745	0.3145	1.3582	0.6626	0.5244	1.3643	0.4026	0.8193	-4.762	1.9862	0.7875	1.6608	1.3271	3.2271	15	2
86	0	0	1	1	0	0	1	0	-0.08620000000000001	0.8627499999999999	0.8357	0.9187	0.2722	-1.3137	0.1089	0.47909999999999997	1.0388	0.5073	0.04819999999999999	-0.22	0.014349999999999974	1.1916	-0.691	-0.3208	0.6024499999999999	0.535	0.5486	0.1833	0.38905	0.2622	-0.27	0.454	0.2023	-2.1897	0.48815	-0.745	-0.66155	1.74195	0.29414999999999997	-0.07765000000000002	0.4075	-0.0346	1.219	-0.51755	1.096	-0.9433	0.5718000000000001	-0.2438	0.4818	0.2159	0.5986	-0.2207	0.7785	-0.0017500000000000016	-0.2989	0.0189	0.569	-0.2471	-0.5273	-0.6435	0.9549	0.55425	-2.49	0.3828	0.85275	-0.2672	-1.1933	-1.8526	-0.2959	0.6840999999999999	-0.2516	0.07	-0.06284999999999999	0.8169	0.8986	0.3124	0.5422	0.77385	-1.0487	-2.41275	0.4165	0.50755	0.62445	0.266	-0.1421	8	1
87	0	0	0	0	2	0	0	2	-0.0314	0.0189	0.8226	-0.03095	0.5902	-2.072	1.3893	0.6153500000000001	3.98335	0.1131	-0.04870000000000001	-0.6187499999999999	0.03315000000000001	0.8768	1.9585000000000001	-0.0583	1.1305999999999998	1.1226	0.4995	1.1779	0.24624999999999997	0.7586	-0.7502	0.3358	0.38155	2.3956	0.2695	-0.8993	0.12190000000000001	1.0433	0.8937499999999999	-0.46995	0.42169999999999996	0.2298	1.6052	1.1281	-0.76485	0.9053	1.1922	0.12019999999999999	0.7777499999999999	0.1339	-0.1708	0.7810999999999999	0.69675	0.5328999999999999	3.28295	-0.11645	0.12539999999999998	-0.0322	0.5274	-0.5105500000000001	1.3601	0.46705	-1.9266	0.3509	1.463	0.0923	-0.7332	-1.7111	0.6496	0.36089999999999994	0.30075	0.04005	0.8886000000000001	0.3903	0.6237	0.6321	0.9139	0.65785	0.85865	-2.37225	0.71855	-0.1778	0.27399999999999997	0.6387	1.7656	3	2
88	1	0	0	0	0	0	1	0	2.546	1.2665	1.2473	1.594	1.0186	-0.8695	4.9265	0.4389	6.1073	0.4612	0.8377	-1.012	2.8066	3.2084	3.7258	0.8974	0.2416	1.3849	1.1099	3.9909	1.2644	0.1712	-0.359	0.6685	2.3204	5.652	2.0774	-0.0712	0.5462	1.9266	-0.1718	1.4465	1.0832	0.458	1.7824	3.5575	0.3536	4.1722	1.7129	2.708	1.1506	0.5276	0.1401	-0.0911	1.1524	2.3014	7.0004	0.182	0.4923	0.3843	0.0418	5.623	0.7713	0.6344	0.1316	0.9204	1.6424	0.5654	-0.0215	-4.053	-0.2564	-1.0709	2.1272	-1.1649	0.0841	1.055	0.1592	0.3483	1.7846	0.8484	0.518	-2.5314	1.5331	1.1969	1.0067	1.0875	5.5724	0	0
89	0	0	0	1	2	0	0	0	0.66275	0.35415	0.3053	0.8210999999999999	0.9224	-1.5101	5.105	0.31689999999999996	7.28565	0.6606	0.8995500000000001	-0.21655000000000002	4.0158000000000005	2.3293999999999997	3.0357000000000003	0.39395	1.5984500000000001	1.2691	0.6205499999999999	4.5605	0.51995	0.7485	1.3742	0.6975	3.3509	5.1593	-0.00655	0.35	0.7310000000000001	0.88195	0.87305	0.70445	0.55605	0.8556	1.3072	4.0958000000000006	0.6423	4.2483	0.98535	3.2752499999999998	1.1083500000000002	0.395	0.6647000000000001	0.8701000000000001	1.1960000000000002	3.3480999999999996	7.2303	-0.8260000000000001	0.00995	-0.0418	0.992	5.45215	1.7244	0.31085	0.637	1.4085	1.2257500000000001	0.2709	-0.2543	1.4722	0.25175000000000003	0.43660000000000004	2.3439	-0.6503	0.36629999999999996	1.9592	0.3393	0.1754	1.3032	1.585	0.95115	-0.008099999999999996	1.63285	0.50515	0.55945	0.681	5.7088	3	0
90	1	0	0	0	1	1	2	0	1.66235	0.8357	0.1324	0.68355	0.0694	-0.4541	5.9698	0.20545	7.35205	1.1479	0.11230000000000001	-0.04655000000000001	3.4629	2.5774	4.1439	0.5272	2.14315	0.9452	0.44294999999999995	4.4193	-0.033549999999999996	0.8186	0.4493	0.27945	3.7934	7.0893	1.01045	-0.4999	0.575	1.18725	0.70065	0.34464999999999996	0.49385	1.0725	1.0482	4.70965	0.84535	5.8761	0.41919999999999996	3.1445499999999997	1.3515	1.4606	-0.32084999999999997	0.11535	1.01555	3.4539	7.54825	-1.37005	-0.09940000000000002	-0.5331	0.5683	6.00525	0.6272	0.4938	1.8706999999999998	0.8974	1.75665	0.5512	0.7581500000000001	-1.5164	0.47035	0.7745500000000001	3.3301499999999997	-0.58975	0.64635	2.0636	0.3729	0.40025	2.5221	0.07619999999999999	-0.9487	0.5730000000000001	1.0643	0.18835000000000002	-0.0030999999999999986	0.673	7.1778	3	0
91	0	0	0	1	1	0	1	1	0.4151	0.42	1.1068	1.3968	0.3232	-2.0828	5.1901	0.3337	6.1546	-0.2562	1.3917	-0.3375	2.9537	2.6083	3.5782	-0.1291	1.0713	1.1337	1.6283	4.3504	0.5383	0.2987	-0.2195	0.6465	3.8034	3.8626	0.1839	0.1872	-0.4845	0.1743	-0.3087	0.4621	0.9293	-0.0739	1.2922	4.3019	0.4585	4.0393	1.1337	3.0721	0.5388	-0.0139	-0.0386	1.4423	0.4553	2.1065	7.0833	-0.4155	-0.1882	-0.0239	-0.1105	6.6572	0.9482	0.1178	-1.3284	0.7521	2.2749	0.0361	0.6048	-2.7164	0.5432	0.2923	2.2866	1.658	-0.1498	1.7854	0.4386	1.5451	1.2348	0.0713	0.3813	-1.92	2.1385	1.2351	1.6379	0.8888	4.9857	59	0
92	0	0	0	0	1	0	1	0	0.3155	0.5569	0.3889	-0.1748	0.473	0.2625	1.5919	0.888	0.4438	1.4629	0.9895	-1.3464	0.0058	1.2242	0.9398	-0.3791	-0.6622	-0.0476	0.5387	0.2861	0.5172	1.0261	-1.1294	0.3757	0.5473	1.1736	1.2911	0.0713	-0.8062	0.7101	-1.3768	0.7755	0.0712	0.6178	0.7876	-0.0953	1.2999	0.0124	0.4717	2.4033	0.5007	0.3994	0.2566	0.1217	0.2187	-0.4283	0.6066	-0.2979	0.6064	-0.6574	0.4635	0.7366	-0.0091	0.261	1.5253	0.5829	0.5322	0.0734	0.3108	-3.8457	-0.0348	-0.7167	0.0194	-0.1354	-0.3358	0.4445	0.4407	0.3766	-0.2303	1.2494	0.5781	-5.678	1.8965	-0.0411	-0.2894	0.2595	0.6207	4	1
93	1	0	1	0	1	0	0	0	0.5582	0.8931	-0.1813	0.4647	2.0122	-0.6001	1.0447	0.5304	-0.636	0.3227	1.1182	-0.554	0.3879	0.2852	-0.5437	1.0407	0.2744	0.9034	0.3959	-0.3139	0.1113	1.2968	0.0955	0.5809	-0.0878	-0.2808	0.8161	0.0375	-0.6018	0.2332	0.5911	1.0555	0.1041	0.6731	1.3381	1.2773	2.2841	1.514	1.2474	0.6413	1.2072	0.1965	0.4852	-0.1513	0.644	-0.4569	0.6181	-1.0613	0.1371	-0.6157	0.4985	0.6203	0.4211	0.1013	-0.9544	0.5118	0.824	1.2919	4.8849	-2.089	0.2838	0.7796	-0.6927	-0.3709	0.3681	3.8917	0.7241	0.623	0.4416	1.618	0.7474	-2.6397	0.7792	0.3944	-1.1246	0.8747	-0.1457	8	1
94	0	0	1	0	0	0	1	0	1.7204	-0.0137	0.4144	0.453	0.0575	-0.6406	0.3919	0.5427	-1.4445	-0.3556	0.6396	-1.6568	1.1448	0.9139	0.8923	-0.441	0.915	0.3007	0.6701	0.4197	0.0261	0.699	-0.386	0.5114	0.2543	0.3871	-0.0439	-0.7083	-1.1816	0.7612	0.0186	0.9415	0.6515	0.023	0.8093	-0.5437	-0.3847	0.1372	1.135	-1.2677	0.5787	0.4129	-0.0464	3.8482	0.7004	-0.1361	-0.5858	-0.5633	0.1157	-0.3259	0.3278	-2.3521	0.4389	0.9195	-0.2111	0.9289	0.6324	0.2901	5.6557	-1.9119	-1.0203	-0.7197	-0.4827	0.5769	0.2833	0.9425	1.1011	0.5058	0.8065	-1.0599	-1.3495	-6.0109	1.509	0.184	-0.2655	0.9161	-0.8717	32	1
95	0	1	0	0	0	0	1	0	0.7993	1.2454	1.3184	1.2728	1.1403	-2.5398	0.2773	0.1916	-1.6325	0.2569	0.7744	-0.1147	-2.5741	0.8201	-0.1596	0.3119	0.8708	1.0866	1.3322	-0.6606	0.6359	0.8338	-0.1613	0.354	-0.5227	-1.9273	0.8481	0.1527	0.5917	1.5149	-0.1556	0.7813	1.1434	0.696	1.4144	-0.1036	1.1926	-0.5003	1.5396	-0.3066	1.0169	0.4666	0.5407	2.0552	0.9263	-0.566	-1.6617	-0.3609	0.099	0.2128	0.7185	-1.2742	1.5701	0.9992	-3.1954	0.8146	1.7008	0.6093	-0.2225	-3.9613	0.0714	-0.3093	-0.7861	0.5859	0.6236	1.401	0.886	1.1749	0.1829	2.2979	0.5362	-5.7556	1.793	0.7655	0.5354	0.8381	-0.2659	40	1
96	0	0	1	0	0	0	0	0	-0.3877	0.3082	1.0644	0.8506	0.1852	-2.711	0.486	0.2224	1.891	0.6156	-0.514	-0.7226	-1.0215	0.7176	1.4165	-1.2924	-0.5656	0.1845	1.137	-0.6493	0.6761	3.0259	-1.2675	0.3122	-0.4044	1.6381	0.3292	-0.6446	0.1167	0.629	-0.6104	0.3254	0.141	0.3371	0.7738	-0.3677	-0.2397	-1.1899	0.4232	-0.3207	-0.0132	0.2758	-0.2215	-0.5821	0.6667	-0.2108	0.7278	-0.5932	0.2308	-0.3299	0.015	0.5704	0.8631	0.4512	-3.6769	0.2393	0.5549	0.2727	-2.0715	1.9244	-0.629	-0.6947	-0.546	0.0022	0.4774	0.7243	0.5706	1.0495	-0.4386	-0.5842	-0.5934	-5.5762	1.3318	0.9705	0.5717	0.4593	0.5684	20	1
97	0	1	0	0	1	1	2	0	-0.0586	0.6267	0.7541	1.1278	0.3087	-1.5177	2.5898	0.5705	4.2591	1.3028	0.8076	-0.4281	0.678	1.3625	1.2891	0.396	0.1006	1.0356	0.024	1.8182	0.9073	1.1507	-0.3895	0.5825	0.049	3.8101	0.7085	0.2198	-0.134	1.1096	-0.0355	-0.3762	0.6152	0.7979	0.9952	1.4652	1.4172	2.0577	0.8455	-0.2717	0.4732	0.4107	-0.0502	1.1309	0.9847	0.6884	3.9067	-0.9028	0.1845	-0.7709	0.2237	3.8091	1.082	0.4582	-3.5188	0.3994	1.0275	-0.1471	0.7341	-1.4423	-0.01	-0.0646	0.7587	-0.7719	0.4396	1.2015	0.5094	-0.0825	0.9385	0.9615	-1.5747	-4.6469	0.1457	0.0849	0.0475	1.1795	3.2376	5	2
98	1	2	1	1	0	0	0	0	0.5851	0.1305	0.6119	1.539	0.5807	-1.192	2.6354	-0.201	4.3596	0.2537	0.5553	-0.47	1.0342	2.0051	2.8099	-0.5513	1.2785	1.7501	1.024	1.4543	0.4063	-0.7216	-1.2249	0.4487	0.7161	3.0804	0.7101	-0.6468	-0.2708	0.1802	-0.0869	1.4487	1.2017	0.5617	1.2892	1.504	0.4549	1.1226	1.4094	-0.228	1.0038	0.5207	-0.1175	2.1994	0.6127	0.8039	4.2821	-0.8138	0.5376	-0.4102	0.4725	3.9816	1.0456	0.8676	-2.7572	0.5376	1.7157	0.4924	-0.0222	-1.7194	0.6608	0.3966	1.2001	-0.1191	0.2506	1.3627	0.378	0.6433	0.8477	1.7217	0.17	-5.27	1.683	0.4479	0.5247	0.6968	3.7886	28	2
99	1	0	0	1	0	0	1	1	1.9143	-0.1203	0.6748	0.9245	0.547	-1.2344	1.4386	0.8598	2.1713	0.9632	0.4071	-1.105	-0.0384	0.9646	0.3585	0.2931	0.2964	0.4682	0.0041	1.5095	0.0052	0.4351	-0.1855	1.042	-0.7389	2.1056	0.0877	-0.0272	-1.0373	0.7614	-0.0949	-0.0542	0.3045	0.3044	0.9732	0.0577	-0.0949	0.769	0.893	0.9323	1.2541	1.0459	0.2673	-0.6408	-0.0947	0.1286	2.8804	-0.6906	0.1898	-0.4406	0.4214	-0.4058	0.4572	0.192	-2.9183	0.7751	0.6672	0.3404	-0.8718	-0.3186	-0.3121	-0.3097	0.092	0.1076	-0.1848	1.6686	-0.0209	0.1791	1.6398	0.0453	-0.1341	-5.1844	1.2404	-0.0851	0.3145	0.7658	2.2652	7	2
100	1	1	0	1	0	1	0	1	1.2642	1.0632	0.4048	1.542	0.0858	-1.9182	1.6192	0.149	2.6214	0.3355	0.7403	-0.3424	0.7015	0.7661	0.5368	-0.1711	0.1447	1.1665	0.9912	1.1743	0.9209	0.4796	-0.3821	-0.4034	0.5549	2.5047	-0.2396	-0.603	-0.0058	0.7955	0.3828	0.4019	0.7065	0.0126	1.1154	0.5182	-0.3069	0.4954	1.4499	0.6171	1.1058	0.3203	0.0155	-0.2076	1.1198	-0.0171	2.6776	-1.6048	-0.0901	-0.1853	-0.4069	1.9206	0.8488	0.7471	-2.4308	0.5528	0.9545	-0.5488	0.426	-4.5974	0.5024	-0.498	0.1962	-0.3218	-0.0592	1.2303	0.2757	0.4934	1.1662	0.7127	0.9341	-5.5401	1.1691	0.0123	0.3956	0.9953	2.5595	42	2
101	0	1	0	0	1	0	1	0	1.3359	0.8307	0.5402	1.2116	0.5733	-1.741	1.5071	0.4368	3.1833	-0.2615	0.5564	-1.1092	0.2908	0.3448	0.3502	0.3827	0.0251	1.0872	0.5771	1.033	-0.1804	0.4996	0.9189	1.3076	0.413	1.8176	0.682	-0.0344	-0.5248	1.8448	-0.008	-0.214	0.5337	0.1707	0.8784	1.3067	-0.8713	0.3244	1.0328	0.8081	0.9518	0.0289	0.4795	-0.6953	0.1348	0.2243	2.9223	-1.0578	0.3522	-0.4691	0.5823	1.482	0.9855	0.628	-2.0733	0.1116	1.6433	0.0548	-0.5099	-3.4858	0.5629	-0.0073	-0.5317	0.4575	0.3688	0.7435	-0.1325	0.3116	1.6147	1.1018	0.2671	-5.711	0.6479	0.5782	0.9082	0.6354	2.4077	44	2
102	0	1	0	1	1	0	1	0	0.9668	-0.5782	-0.0553	1.6112	-0.2075	-1.1518	2.2048	0.0666	3.1458	-0.0911	0.4382	-0.8765	0.3723	-0.0635	0.1617	0.3837	-0.9695	0.221	0.4105	2.1283	-0.445	0.1211	-0.2543	-0.0592	0.0042	2.5877	-0.1559	-1.1925	-1.0289	-0.2001	-0.4884	0.7385	0.1424	-0.6065	-1.413	0.3746	-0.3189	0.7648	0.5466	0.4197	0.9594	-0.0036	-0.5267	0.6753	0.592	0.2976	3.7611	-1.1021	-0.2371	-1.1577	-0.3058	1.7568	0.1353	0.3225	-2.3401	-0.2159	0.4101	-0.1582	-0.5317	-4.4555	-0.4401	-0.1897	0.8511	1.8324	-0.2443	0.6821	-0.0292	-0.4527	0.4281	1.0568	-1.7835	-5.2315	0.4406	-0.8014	-0.8701	0.1393	2.6727	39	2
